id,name,gender,dob,email,city,address,postcode,phone_number,uni,degree,invited_date,month,invited_by
1,Vachel Mc Meekin,Male,13/02/2000,vmc0@businesswire.com,Upton,8 Swallow Point,WF9,+44 (594) 165-3629,Thames Valley University,2:2,28,February 2019,Bruno Bellbrook
2,Wilfrid Warde,Male,25/05/1992,wwarde1@cbslocal.com,Newtown,2626 Lawn Pass,RG20,+44-638-479-6556,University of Central Lancashire,2:2,12,February 2019,Gismo Tilling
3,Cameron Gleaves,Male,29/05/2000,cgleaves2@gizmodo.com,Weston,93 7th Crossing,GU32,+44-522-751-6028,Cardiff University,1st,13,February 2019,Bruno Bellbrook
4,Felicio Betjeman,Male,02/11/1996,fbetjeman3@etsy.com,Sheffield,33584 Crescent Oaks Park,S33,+44 (249) 276-2047,Thames Valley University,2:1,14,February 2019,Gismo Tilling
5,Hakeem Ivermee,Male,04/05/1994,hivermee4@yale.edu,Whitchurch,46413 Lunder Alley,BS14,+44 387 443 3095,University of Salford,2:1,19,February 2019,Sunny Sladefield
6,Ian Giorgietto,Male,,igiorgietto5@cmu.edu,Sheffield,3 Corscot Place,S33,+44 786 239 9666,,,28,February 2019,Stacey Broad
7,Kalina Gentile,Female,25/04/1995,kgentile6@abc.net.au,Leeds,7 Kings Plaza,LS6,+44-572-132-0989,University of London,2:2,06,February 2019,Sunny Sladefield
8,Chance Fearnside,Male,02/09/2000,cfearnside7@chronoengine.com,Weston,16 Derek Center,GU32,+44-185-459-9606,"Courtauld Institute of Art, University of London",2:1,,,
9,Wash Richardes,Male,22/10/1998,wrichardes8@senate.gov,Walton,167 4th Trail,CV35,+44 (166) 712-5733,Bournemouth University,2:1,12,February 2019,Bruno Belbrook
10,Morgana McAw,Female,27/04/1997,mmcaw9@mail.ru,Middleton,68256 Caliangt Court,LE16,+44 447 706 3408,University of East Anglia,2:1,27,February 2019,Stacey Broad
11,Jehanna Verrechia,Female,02/11/1990,jverrechiaa@theatlantic.com,Linton,483 Prentice Street,BD23,+44 (706) 671-6752,University of Warwick,2:1,20,February 2019,Gismo Tilling
12,Redd Jurges,Male,21/06/1997,rjurgesb@macromedia.com,London,08977 Gina Parkway,EC1V,+44-899-782-8545,Heriot-Watt University,2:1,12,February 2019,Stacey Broad
13,Kean Ploughwright,Male,05/05/1992,kploughwrightc@nih.gov,Church End,01 Myrtle Lane,N3,+44-452-252-3501,International Colleges of Islamic Science,1st,06,February 2019,Rupert Ripple
14,Rolland Dinkin,Male,21/10/1997,rdinkind@examiner.com,Seaton,877 Grover Terrace,LE15,+44-399-590-4523,Bournemouth University,2:2,07,February 2019,Doris Bellasis
15,Emmett Hynson,Male,26/11/1995,ehynsone@washingtonpost.com,London,0 Randy Center,EC1V,+44-597-706-9743,Sotheby´s Institute of Art - London,2:2,27,February 2019,Gismo Tilling
16,Nicolai Nussey,,14/06/1990,nnusseyf@vimeo.com,Newton,7401 Forster Hill,IV1,+44 (381) 907-0047,Napier University,2:2,14,February 2019,Fifi Etton
17,Naomi Shortt,Female,15/01/2000,nshorttg@bravesites.com,Dean,67257 Mariners Cove Plaza,OX7,+44 (620) 672-0692,"Royal Academy of Music, University of London",2:1,13,February 2019,Rupert Ripple
18,Tommy Evans,Male,24/07/1999,tevansh@geocities.com,Halton,2 Melvin Alley,LS9,+44 (100) 893-8298,Trinity College Carmarthen,2:1,12,February 2019,Rupert Ripple
19,Vikki Godsal,Female,26/04/1993,vgodsali@yellowpages.com,Whitchurch,599 Badeau Crossing,BS14,+44 821 914 0763,De Montfort University Leicester,2:2,20,February 2019,Bruno Bellbrook
20,Arlana Cowl,Female,19/03/1995,acowlj@parallels.com,Church End,2358 COMMERCIAL TRAIL,CB4,,University of Lincoln,1st,28,February 2019,Rupert Ripple
21,Adelbert Oakwell,Male,18/03/1993,aoakwellk@disqus.com,Sutton,3 Morrow Street,CT15,+44 705 771 6899,Trinity College of Music,2:1,27,February 2019,Sunny Sladefield
22,Stephanus Kenwood,Male,21/10/1990,skenwoodl@yolasite.com,Burnside,1 3rd Place,EH52,+44 (250) 945-4895,Leeds Metropolitan University,2:2,12,February 2019,Gismo Tilling
23,Elane Trollope,Female,22/11/2000,etrollopem@chronoengine.com,Milton,7856 Amoth Parkway,NG22,+44 (762) 464-1328,University of Worcester,2:2,28,February 2019,Sunny Sladefield
24,Magda McKirton,Female,21/06/1996,mmckirtonn@google.com.hk,Sutton,9184 Sachtjen Circle,RH5,+44-315-999-7366,American InterContinental University - London,2:2,05,February 2019,Fifi Etton
25,Ferdinand Whyberd,Male,09/09/1993,fwhyberdo@tinypic.com,Stapleford,5088 Jana Terrace,LN6,+44-153-375-0440,Cranfield University,2:1,20,February 2019,Stacey Broad
26,Alvy Bowering,Male,30/07/1995,aboweringp@home.pl,Aberdeen,4 Oak Hill,AB39,+44-583-931-1174,,,19,February 2019,Doris Bellasis
27,Gabrila Hehir,Female,29/07/1996,ghehirq@nyu.edu,Church End,2 Corscot Court,N3,+44-627-564-5287,Leeds Metropolitan University,2:1,05,February 2019,Rupert Ripple
28,Tedda Caldaro,Female,,tcaldaror@wufoo.com,Marston,7 American Place,ST20,+44-205-242-3570,University of Paisley,2:1,,,
29,Larine Burcombe,Female,21/02/1996,lburcombes@accuweather.com,Kinloch,0824 Goodland Hill,PH43,+44-792-548-0651,University of Oxford,2:2,19,February 2019,Doris Bellasis
30,Colan South,Male,09/07/1990,csoutht@ustream.tv,Pentre,375 Columbus Lane,SY4,,"University of Wales, Newport",2:2,20,February 2019,Sunny Sladefield
31,Herb Gilardi,Male,,hgilardiu@phoca.cz,Birmingham,3 Lake View Way,B40,+44 599 526 6906,Open University,2:1,28,February 2019,Doris Bellasis
32,Hermy Witherby,Male,10/11/1994,,Sheffield,73594 Luster Circle,S33,+44-894-456-9527,Cranfield University,1st,07,February 2019,Sunny Sladefield
33,Frasier Greedyer,Male,05/01/1999,fgreedyerw@ox.ac.uk,Norton,64 Scofield Way,S8,+44 915 889 5656,Coventry University,1st,26,February 2019,Doris Bellasis
34,Sully Rosenbarg,Male,19/08/1994,srosenbargx@technorati.com,Leeds,35304 Roth Street,LS6,+44 721 166 9192,Kingston University,1st,14,February 2019,Bruno Bellbrook
35,Christian Creamen,Female,13/07/1994,ccreameny@purevolume.com,Halton,1290 Eastlawn Lane,LS9,+44 (515) 645-1450,University of Northumbria at Newcastle,1st,,,
36,Glennie Ocheltree,Female,25/08/1990,gocheltreez@pen.io,Linton,487 Maple Trail,BD23,+44 (687) 895-8760,Thames Valley University,2:1,,,
37,Omar Quantick,Male,05/11/1991,oquantick10@istockphoto.com,Manchester,5 Elgar Avenue,M14,+44-767-359-8587,British College of Osteopathic Medicine,2:2,,,
38,Nicolai Stockey,Male,,nstockey11@live.com,Twyford,1108 Judy Place,LE14,+44-233-107-0179,University of Central Lancashire,2:1,19,February 2019,Fifi Etton
39,Reese Proswell,Male,04/05/1994,rproswell12@timesonline.co.uk,West End,75 Vermont Point,DN36,+44 (312) 429-7181,Loughborough University,3rd,26,February 2019,Doris Bellasis
40,Fannie McGoogan,Female,18/04/1997,fmcgoogan13@ning.com,Dean,00151 Macpherson Road,OX7,+44 (406) 167-8967,Roehampton University of Surrey,2:1,07,February 2019,Rupert Ripple
41,Aluino Sainter,Male,14/04/1997,asainter14@blogtalkradio.com,Kinloch,84 Waubesa Street,PH43,+44 511 751 7184,Warnborough University,3rd,05,February 2019,Rupert Ripple
42,Andros Wickson,Male,27/11/1994,awickson15@economist.com,London,00076 Troy Avenue,WC1B,+44-387-661-1191,Open University,2:1,19,February 2019,Stacey Broad
43,Enoch Batte,Male,09/01/1996,ebatte16@ihg.com,Church End,3724 6th Center,N3,+44 215 331 6877,University of Sheffield,2:1,07,February 2019,Fifi Eton
44,Henryetta Allwell,Female,09/04/1992,hallwell17@github.com,Sheffield,879 Sachtjen Pass,S1,+44 (526) 903-5339,,,27,February 2019,Sunny Sladefield
45,Eilis Hull,Female,14/11/1992,ehull18@over-blog.com,Edinburgh,1108 Melby Avenue,EH9,+44 (680) 257-9936,Cardiff University,2:1,20,February 2019,Gismo Tilling
46,Poul Basnett,Male,28/01/1995,pbasnett19@slideshare.net,Upton,1 Oakridge Place,DN21,+44 947 734 9289,"London School of Hygiene & Tropical Medicine, University of London",2:2,05,February 2019,Doris Bellasis
47,Hunt Ainsby,Male,05/08/1992,hainsby1a@netvibes.com,Whitwell,4 Ruskin Place,DL10,+44 438 331 9480,De Montfort University Leicester,1st,21,February 2019,Stacey Broad
48,Rufus O'Ruane,Male,13/10/1994,roruane1b@jiathis.com,Newton,91234 Miller Street,IV1,+44 226 385 8691,University of Buckingham,1st,27,February 2019,Sunny Sladefield
49,Vincents Bahl,Male,02/06/1997,vbahl1c@cornell.edu,Normanton,45 Mallard Center,LE15,+44 118 594 9808,University of Kent at Canterbury,2:2,20,February 2019,Sunny Sladefield
50,Sherlock Sibley,Male,08/11/1996,ssibley1d@wunderground.com,Brampton,2761 Granby Trail,NR34,+44-448-550-4245,London School of Jewish Studies,3rd,13,February 2019,Fifi Eton
51,Gillie McAuliffe,Female,07/04/2000,gmcauliffe1e@dot.gov,Glasgow,65 Armistice Avenue,G4,+44 445 324 4013,University of Durham,3rd,27,February 2019,Stacey Broad
52,Flori Faithorn,Female,07/08/1995,ffaithorn1f@woothemes.com,Newport,6671 John Wall Street,NR29,+44 (697) 437-9471,London School of Business & Finance,2:1,21,February 2019,Fifi Etton
53,Nicolette Bonehill,Female,05/04/1995,nbonehill1g@hubpages.com,Birmingham,952 Eastwood Center,B40,+44-825-679-5108,University of Oxford,3rd,05,February 2019,Stacey Broad
54,Tobiah Aistrop,Male,06/12/1995,taistrop1h@kickstarter.com,West End,368 Onsgard Alley,DN36,+44-356-535-6208,University of Dundee,2:1,06,February 2019,Fifi Etton
55,Brandyn MacClinton,Male,19/12/1993,bmacclinton1i@gravatar.com,Wootton,12 Westridge Avenue,NN4,,University of Salford,2:1,14,February 2019,Stacey Broad
56,Timoteo Pack,Male,10/07/1991,tpack1j@hud.gov,Newton,901 Sloan Point,IV1,+44 (933) 115-1065,Royal Holloway and Bedford New College,3rd,27,February 2019,Stacey Broad
57,Siward Luten,Male,27/07/1995,sluten1k@hubpages.com,Horton,3662 Sherman Avenue,BS37,+44 (150) 497-7815,Leeds Metropolitan University,2:2,12,February 2019,Bruno Bellbrook
58,Maudie Dadswell,Female,29/07/1995,mdadswell1l@myspace.com,Newport,28 Garrison Drive,NR29,+44-552-459-2181,"University of the West of England, Bristol",2:1,19,February 2019,Gismo Tilling
59,Giraud Castard,Male,04/12/1998,gcastard1m@reference.com,Glasgow,85 Arrowood Junction,G4,+44 (176) 726-5916,The Robert Gordon University,2:2,06,February 2019,Doris Bellasis
60,Irwin Scourge,Male,28/10/1993,iscourge1n@domainmarket.com,Norton,7 Cordelia Parkway,S8,+44-815-530-5398,De Montfort University Leicester,2:1,28,February 2019,Stacey Broad
61,Glen Spuner,Male,04/01/1992,gspuner1o@tiny.cc,Milton,26 Rowland Way,AB56,+44 407 521 0739,The Robert Gordon University,2:2,27,February 2019,Bruno Bellbrook
62,Tobey Mabbett,Female,08/10/1990,tmabbett1p@wikipedia.org,London,9 Nancy Place,EC1V,+44 (524) 534-3642,ifs University College,3rd,14,February 2019,Gismo Tilling
63,Josefina Veillard,Female,25/03/1997,jveillard1q@addtoany.com,Merton,85407 Loftsgordon Hill,SW19,+44-590-581-1055,"London School of Economics and Political Science, University of London",3rd,13,February 2019,Rupert Ripple
64,Garey Bischop,Male,26/02/1993,gbischop1r@rambler.ru,Liverpool,72264 Mockingbird Junction,L33,+44 233 663 3457,,,06,February 2019,Bruno Bellbrook
65,Adria Zorro,Female,04/09/1995,azorro1s@examiner.com,Belfast,0840 Marquette Drive,BT2,,Trinity College of Music,2:1,12,February 2019,Rupert Ripple
66,Lane Myrkus,Male,09/08/1991,lmyrkus1t@meetup.com,Milton,52334 Transport Plaza,AB56,+44-405-318-2751,University of Wales College of Medicine,2:1,13,February 2019,Stacey Broad
67,Kimmi Bodell,,08/09/1994,kbodell1u@flickr.com,Aberdeen,2712 South Parkway,AB39,+44 (427) 592-4320,University of East Anglia,2:2,26,February 2019,Stacey Broad
68,Archaimbaud Row,Male,09/01/1994,arow1v@dell.com,East End,62881 Myrtle Alley,BH21,+44 370 509 1507,University of Hull,2:1,,,
69,Mart Greser,Male,28/10/1995,mgreser1w@diigo.com,Whitchurch,27071 Talmadge Park,BS14,+44-923-153-4796,Open University,2:1,26,February 2019,Fifi Eton
70,Ozzy Mattaus,Male,16/01/1999,omattaus1x@com.com,Burnside,87 Corben Crossing,EH52,+44-132-584-7439,Wimbledon School of Art,3rd,19,February 2019,Fifi Eton
71,Joanne Le Jean,Female,21/10/1990,jle1y@trellian.com,Newtown,63398 Corry Place,RG20,,London Metropolitan University,2:1,19,February 2019,Rupert Ripple
72,Tadeo Hourigan,Male,30/07/1995,thourigan1z@themeforest.net,Newbiggin,38217 Eggendart Way,NE46,+44 (698) 551-7080,"Goldsmiths College, University of London",1st,13,February 2019,Sunny Sladefield
73,Audre Thomerson,Female,04/03/1990,athomerson20@cbsnews.com,,,,+44-272-541-9984,"University of Wales, Lampeter",3rd,12,February 2019,Doris Bellasis
74,Geraldine Pinnocke,Female,08/10/2000,gpinnocke21@berkeley.edu,London,889 Dorton Terrace,EC3M,+44-101-294-8673,"School of Pharmacy, University of London",1st,14,February 2019,Rupert Ripple
75,Dorothee Salmond,Female,11/07/1997,dsalmond22@123-reg.co.uk,Manchester,7 Merry Road,M14,+44 778 592 1566,University Campus Suffolk,3rd,13,February 2019,Gismo Tilling
76,Booth Coweuppe,Male,21/06/2000,bcoweuppe23@paypal.com,Pentre,6 Macpherson Drive,SY4,+44 741 491 9332,"School of Pharmacy, University of London",2:1,21,February 2019,Rupert Ripple
77,Carmella Guidi,Female,18/11/1997,cguidi24@blogspot.com,Eaton,4 Meadow Vale Crossing,DN22,+44 (207) 122-2760,University of Worcester,2:2,20,February 2019,Gismo Tilling
78,Lanae Christophle,Female,18/05/1997,lchristophle25@homestead.com,Dean,16 Grasskamp Plaza,OX7,+44 728 396 5555,British College of Osteopathic Medicine,1st,14,February 2019,Bruno Bellbrook
79,Crosby Eliasson,Male,21/05/1995,celiasson26@nifty.com,East End,70943 Oxford Way,BH21,+44 110 307 1525,Staffordshire University,2:2,28,February 2019,Sunny Sladefield
80,Jan Horrod,Female,15/05/1996,jhorrod27@blogger.com,,,,+44 (452) 423-3268,"London School of Hygiene & Tropical Medicine, University of London",2:1,27,February 2019,Bruno Bellbrook
81,Aggi Willetts,Female,19/07/1998,awilletts28@harvard.edu,London,03 Elmside Alley,SW1E,+44-339-284-0402,University of Wales College of Medicine,2:1,27,February 2019,Sunny Sladefield
82,Scottie Orknay,Male,14/06/1996,,Norton,7 Shasta Center,NN11,+44-661-848-6224,"University of Wales Institute, Cardiff",2:1,06,February 2019,Stacey Broad
83,Arley Dangl,Male,22/11/1997,adangl2a@printfriendly.com,Leeds,8663 Bay Lane,LS6,+44-171-657-2644,University of Salford,1st,06,February 2019,Rupert Ripple
84,Kimberley McGeouch,Female,09/10/2000,kmcgeouch2b@tinyurl.com,Norton,12 Hoffman Crossing,S8,+44 (182) 813-6770,University of Wales College of Medicine,2:1,28,February 2019,Stacey Broad
85,Irvin Clayhill,Male,30/07/1995,iclayhill2c@state.gov,Milton,39720 Banding Trail,NG22,+44 (269) 168-9915,ifs University College,2:1,12,February 2019,Gismo Tilling
86,Aland Boal,Male,14/02/1993,aboal2d@independent.co.uk,Buckland,666 Mosinee Plaza,CT16,+44 (547) 418-5336,"Queen Mary and Westfield College, University of London",3rd,,,
87,Burtie Clubley,Male,19/11/1992,bclubley2e@deliciousdays.com,Bradford,254 Farragut Trail,BD7,+44 (468) 750-7781,Trinity College of Music,2:1,27,February 2019,Rupert Ripple
88,Cary Heberden,Female,20/05/1990,cheberden2f@cargocollective.com,London,260 Mockingbird Park,EC1V,+44 117 927 0635,Glasgow School of Art,2:1,06,February 2019,Fifi Etton
89,Benjamen Harrow,Male,23/11/2000,bharrow2g@blogspot.com,Sheffield,4480 3rd Street,S33,+44 483 420 4215,Cranfield University,2:1,20,February 2019,Rupert Ripple
90,Ermentrude Larrosa,Female,10/07/1993,elarrosa2h@prnewswire.com,Norton,0284 West Point,NN11,+44 (322) 420-9718,University of Newcastle-upon-Tyne,1st,27,February 2019,Stacey Broad
91,Moe Finnie,Male,06/12/1994,mfinnie2i@hao123.com,Pentre,57 Sloan Hill,SY4,+44 458 997 8022,"Institute of Advanced Legal Studies, University of London",2:2,27,February 2019,Fifi Etton
92,Chrissy Leftbridge,Female,26/04/1992,cleftbridge2j@scientificamerican.com,Pentre,03 Moland Place,SY4,+44 (832) 680-9051,University of Strathclyde,1st,07,February 2019,Fifi Eton
93,Kirsten Gravell,Female,24/07/2000,kgravell2k@wordpress.com,Upton,6306 Scoville Park,WF9,+44-491-495-9214,University of Surrey,2:1,27,February 2019,Gismo Tilling
94,Antonia MacKaig,Female,27/05/1996,amackaig2l@walmart.com,Seaton,81 Westend Way,LE15,+44-224-793-9184,Coventry University,2:1,13,February 2019,Doris Bellasis
95,Barrie Schruurs,Male,05/12/1992,bschruurs2m@canalblog.com,Eaton,94 Haas Terrace,DN22,+44-322-530-7971,University of Gloucestershire,2:1,14,February 2019,Stacey Broad
96,Audrye Tobias,Female,26/03/1991,atobias2n@wp.com,Church End,3 Prairieview Drive,N3,+44-680-215-0465,"School of Pharmacy, University of London",2:2,26,February 2019,Gismo Tilling
97,Debby McGlynn,Female,13/12/1992,dmcglynn2o@yellowpages.com,Church End,0509 Main Street,N3,,Warnborough University,2:1,26,February 2019,Sunny Sladefield
98,Ricki Gonnelly,Female,16/01/1991,rgonnelly2p@bandcamp.com,East End,01 Westridge Road,BH21,+44 (524) 269-9388,Loughborough University,2:2,,,
99,Idell Joiner,Female,04/06/1995,ijoiner2q@globo.com,Milton,5557 Anniversary Terrace,NG22,+44 (293) 311-6358,"Warburg Institute, University of London",2:1,07,February 2019,Fifi Eton
100,Eran Cicci,Female,09/09/1999,ecicci2r@latimes.com,Sheffield,63 Cardinal Alley,S33,+44 (711) 760-0161,William Gilbert College,2:1,13,February 2019,Gismo Tilling
101,Fabien Hardaway,Male,11/01/1994,fhardaway2s@amazon.com,Stapleford,95286 Monument Pass,LN6,+44-965-396-2581,Birmingham City University,2:2,05,February 2019,Stacey Broad
102,Haily Tomkins,Female,26/12/1999,htomkins2t@hugedomains.com,London,5752 Mallard Park,W1F,+44 (957) 530-6856,University of Sunderland,2:2,05,February 2019,Stacey Broad
103,Shelley O'Dyvoie,Male,20/11/1995,sodyvoie2u@prnewswire.com,Liverpool,73202 Granby Court,L33,+44 (437) 554-1601,Middlesex University,3rd,19,February 2019,Doris Bellasis
104,Maurits Alger,Male,12/06/1992,malger2v@reuters.com,Merton,6 Forest Crossing,SW19,+44 531 426 2802,Sheffield Hallam University,2:2,21,February 2019,Fifi Eton
105,Horatia Tompkin,,09/09/1999,htompkin2w@163.com,Langley,4865 Monica Drive,SG4,+44 429 857 2996,Sotheby´s Institute of Art - London,2:1,20,February 2019,Bruno Belbrook
106,Darryl Gleed,Male,15/05/1991,dgleed2x@ow.ly,Pentre,96 Utah Lane,SY4,+44 874 625 5561,"Institute of Latin American Studies, University of London",3rd,20,February 2019,Rupert Ripple
107,Phyllis McKibben,Female,16/08/1991,pmckibben2y@telegraph.co.uk,Sheffield,43 Continental Park,S1,+44 (326) 468-7131,International Colleges of Islamic Science,2:1,,,
108,Maxy Halligan,Female,17/04/1998,mhalligan2z@ihg.com,Newport,3 Magdeline Place,NR29,+44 140 329 9530,University of Gloucestershire,2:1,,,
109,Yvette Hammerberg,Female,21/09/1993,yhammerberg30@cargocollective.com,London,9 Scofield Crossing,EC3M,+44-110-145-8279,University of Strathclyde,1st,26,February 2019,Fifi Eton
110,Darcie Baldetti,Female,25/06/1997,dbaldetti31@pcworld.com,Tullich,7466 Pierstorff Place,AB55,+44 (934) 949-9885,International Centre for Isclamic Science,2:2,12,February 2019,Rupert Ripple
111,Kizzee Toyne,Female,18/09/1991,ktoyne32@craigslist.org,Stapleford,07750 Colorado Center,LN6,+44 (209) 352-2524,"King's College London, University of London",2:1,12,February 2019,Stacey Broad
112,Hughie Baggelley,Male,17/04/1997,hbaggelley33@gmpg.org,Weston,2946 Crescent Oaks Pass,GU32,+44 874 664 2674,University of Leicester,2:2,06,February 2019,Stacey Broad
113,Fayre Swadlinge,Female,13/11/1991,fswadlinge34@yolasite.com,Norton,8219 Bashford Terrace,NN11,+44 (330) 693-2732,"School of Slavonic and East European Studies, University of London",2:1,14,February 2019,Stacey Broad
114,Rainer Beecheno,Male,,rbeecheno35@comcast.net,Kirkton,1 Carioca Hill,KW10,+44 653 617 8695,University of Westminster,2:1,20,February 2019,Stacey Broad
115,Beryle D'Antonio,Female,26/12/1993,bdantonio36@ow.ly,Sheffield,070 Carioca Junction,S33,+44 (176) 389-3504,"University of Wales, Lampeter",2:1,13,February 2019,Doris Bellasis
116,Waverley Sandbrook,Male,27/03/2000,wsandbrook37@last.fm,Kirkton,90 Randy Lane,KW10,+44 884 762 4263,University of Buckingham,2:2,,,
117,Keriann Crambie,Female,11/10/1998,kcrambie38@cloudflare.com,Church End,012 North Way,N3,+44 947 715 9927,"University College London, University of London",3rd,05,February 2019,Fifi Eton
118,Artemas Towse,Male,06/02/1994,atowse39@histats.com,Swindon,588 Hoffman Street,SN1,+44 (734) 892-9682,"University of the West of England, Bristol",2:1,26,February 2019,Fifi Eton
119,Elora Ellen,Female,23/10/1999,eellen3a@cnn.com,Aberdeen,88 Holmberg Point,AB39,+44 (579) 288-9426,"Courtauld Institute of Art, University of London",3rd,14,February 2019,Sunny Sladefield
120,Hermione Tume,Female,03/06/1994,htume3b@smh.com.au,Eaton,354 Old Gate Way,DN22,+44 (524) 339-3763,Coventry University,2:1,13,February 2019,Doris Bellasis
121,Robbin Duchesne,Female,29/07/1999,rduchesne3c@plala.or.jp,Birmingham,96692 Beilfuss Circle,B12,+44 (563) 862-6171,Central Saint Martins College of Art & Design,2:2,12,February 2019,Fifi Etton
122,Harwilll Pownall,Male,22/08/1996,hpownall3d@friendfeed.com,Ashley,755 Dunning Pass,SN13,+44-533-666-1415,International Colleges of Islamic Science,3rd,19,February 2019,Fifi Eton
123,Arda Disbrow,Female,10/04/1997,adisbrow3e@csmonitor.com,Walton,10 Onsgard Park,CV35,+44-933-294-1127,Falmouth University,2:2,13,February 2019,Bruno Bellbrook
124,Gertrud Nind,Female,,gnind3f@hibu.com,Weston,5176 8th Court,GU32,+44 866 186 7237,University of Huddersfield,2:1,12,February 2019,Gismo Tilling
125,Nikolas Rolance,Male,26/02/1998,nrolance3g@cdc.gov,Ford,0 Division Circle,GL54,+44 (739) 461-4274,University of Surrey,2:1,,,
126,Slade Cannavan,Male,27/03/1996,scannavan3h@etsy.com,Charlton,42 High Crossing Avenue,OX12,+44 457 732 0021,Staffordshire University,3rd,20,February 2019,Doris Bellasis
127,Kalil McPaike,Male,07/06/2000,kmcpaike3i@state.gov,Newton,34 Center Junction,IV1,+44-827-601-3554,University of Sunderland,2:1,14,February 2019,Doris Bellasis
128,Trix Bowerbank,Female,02/11/1998,tbowerbank3j@seesaa.net,Horton,6 Butterfield Road,BS37,+44 954 790 9123,"Heythrop College, University of London",2:2,06,February 2019,Rupert Ripple
129,Wolf Cattermull,Male,12/10/1990,wcattermull3k@admin.ch,Church End,954 Riverside Lane,N3,+44 952 755 5924,University of East Anglia,2:1,07,February 2019,Gismo Tilling
130,Alix Burridge,,,aburridge3l@spiegel.de,Newton,46242 Center Avenue,IV1,+44 370 296 4285,University of North London,2:2,05,February 2019,Sunny Sladefield
131,Tulley Hindrich,Male,03/08/1993,thindrich3m@weibo.com,Milton,9 Cardinal Trail,AB56,+44 (728) 197-1103,Nottingham Trent University,2:2,13,February 2019,Gismo Tilling
132,Dionysus Garter,Male,26/12/1993,dgarter3n@sciencedirect.com,Preston,40674 Mccormick Hill,PR1,+44-722-185-1726,Trinity College of Music,2:1,13,February 2019,Sunny Sladefield
133,Avram Dank,Male,,adank3o@wisc.edu,Twyford,99046 Redwing Lane,LE14,,"St.Patrick's International College, London",2:1,07,February 2019,Bruno Bellbrook
134,Tripp Busst,Male,01/03/1996,tbusst3p@springer.com,Belfast,8 Cherokee Way,BT2,,University of Warwick,3rd,07,February 2019,Rupert Ripple
135,Bert Spall,Male,02/01/1992,bspall3q@fda.gov,Newbiggin,182 Fairfield Trail,NE46,+44-870-887-4179,Brunel University Uxbridge,3rd,21,February 2019,Fifi Eton
136,Georg Battman,Male,04/01/1993,gbattman3r@slashdot.org,Kirkton,016 Eagle Crest Drive,KW10,+44 458 990 3104,"School of Pharmacy, University of London",2:1,26,February 2019,Gismo Tilling
137,Nikola Giroldi,Male,26/05/1995,,Hatton,73 Messerschmidt Point,CV35,+44 900 413 5278,Imperial College London,1st,05,February 2019,Bruno Belbrook
138,Lydie Broadfield,Female,24/12/1999,lbroadfield3t@soundcloud.com,Aston,7 Sugar Circle,TF6,,University of Bristol,2:1,27,February 2019,Rupert Ripple
139,Frederica Keher,Female,18/05/1996,fkeher3u@bandcamp.com,Burnside,05 Dwight Lane,EH52,+44 581 791 1622,"University College London, University of London",3rd,05,February 2019,Gismo Tilling
140,Gavin Lackey,Male,24/01/1998,glackey3v@nytimes.com,Seaton,6866 Nancy Terrace,LE15,+44 (496) 258-3928,Bournemouth University,2:1,14,February 2019,Gismo Tilling
141,Andrew Giurio,Male,08/06/1991,agiurio3w@discovery.com,Newbiggin,6818 Chinook Court,NE46,+44 537 952 8216,University of Exeter,2:1,06,February 2019,Gismo Tilling
142,Millie Standell,Female,17/06/1993,mstandell3x@time.com,Ford,3 Hoffman Alley,GL54,+44-237-716-2100,Leeds Metropolitan University,2:2,21,February 2019,Gismo Tilling
143,Aloin Ashment,Male,23/02/1992,aashment3y@elpais.com,Manchester,425 Maryland Street,M14,+44-184-653-6835,"University of Wales, Lampeter",2:1,12,February 2019,Rupert Ripple
144,Jere Jordine,Male,15/06/1992,jjordine3z@homestead.com,Linton,603 CAMBRIDGE TERRACE,BD23,+44 149 456 4162,London School of Jewish Studies,2:2,13,February 2019,Bruno Bellbrook
145,Rowe Fritter,Female,05/10/1990,rfritter40@homestead.com,Wirral,0 Pankratz Plaza,CH48,+44 168 132 4242,"Institute of Commonwealth Studies, University of London",1st,05,February 2019,Sunny Sladefield
146,Annie Rosa,Female,21/07/1997,arosa41@intel.com,Normanton,69661 Nevada Hill,LE15,+44 (981) 715-9138,University of Hertfordshire,2:2,06,February 2019,Stacey Broad
147,Daisie Wildsmith,Female,19/05/1991,dwildsmith42@sciencedirect.com,East End,10 Twin Pines Trail,BH21,+44 719 586 4717,The Robert Gordon University,2:1,05,February 2019,Fifi Eton
148,Herminia Brettel,Female,,hbrettel43@bizjournals.com,Marston,4 Corben Circle,ST20,,University of Leicester,1st,13,February 2019,Stacey Broad
149,Marco Torra,Male,02/10/1993,,London,05 Dunning Crossing,SW1E,,University of St. Andrews,3rd,19,February 2019,Bruno Bellbrook
150,Nerissa Culvey,Female,27/11/1999,nculvey45@tripod.com,Liverpool,9 Oakridge Way,L74,+44 (537) 830-7734,Canterbury Christ Church University,2:1,19,February 2019,Stacey Broad
151,Carolyne Ackrill,Female,01/11/1993,cackrill46@guardian.co.uk,London,63 Nova Terrace,WC2H,+44 (290) 582-4570,University of Kent at Canterbury,2:2,,,
152,Shanon Oldknow,Female,,soldknow47@yolasite.com,Linton,37 Park Meadow Center,BD23,+44 (732) 289-0365,The Robert Gordon University,2:1,05,February 2019,Stacey Broad
153,Obadiah Hegley,Male,13/11/1994,ohegley48@utexas.edu,Hatton,7 Blackbird Trail,CV35,+44-778-613-4038,"London School of Hygiene & Tropical Medicine, University of London",2:2,13,February 2019,Bruno Bellbrook
154,Germain Tyer,Female,24/12/1993,gtyer49@washington.edu,Hatton,9301 Eagan Parkway,CV35,+44-740-166-2118,University of Sheffield,2:1,,,
155,Gregorius Howick,Male,01/04/1997,ghowick4a@blog.com,Horton,478 Morrow Road,BS37,+44 (420) 384-0030,Staffordshire University,2:1,,,
156,Jefferson Paynton,Male,17/06/1998,jpaynton4b@google.com.au,Seaton,7253 Schurz Junction,LE15,+44 (264) 563-8123,University of Huddersfield,2:2,19,February 2019,Gismo Tilling
157,Dawn Campe,Female,05/05/1996,dcampe4c@arstechnica.com,West End,01 New Castle Terrace,DN36,+44 (853) 970-4772,Newport International University,2:1,,,
158,Nicol Bragge,Female,04/03/1998,nbragge4d@imageshack.us,Aberdeen,98 Orin Street,AB39,+44 (147) 933-6227,University of Hertfordshire,2:2,14,February 2019,Sunny Sladefield
159,Rollo Quarry,Male,26/02/1991,rquarry4e@china.com.cn,Upton,652 Gale Trail,WF9,+44 (993) 735-0821,University of Worcester,2:1,05,February 2019,Fifi Eton
160,Sophie Bosse,Female,28/09/1990,sbosse4f@amazon.co.jp,Sutton,3 Harper Plaza,RH5,+44 680 666 9468,,,12,February 2019,Gismo Tilling
161,Aldwin Pilgram,Male,28/06/1991,apilgram4g@gov.uk,Whitwell,02659 Laurel Street,DL10,+44-987-541-3481,"University College London, University of London",1st,21,February 2019,Stacey Broad
162,Kyla Chadburn,Female,17/05/1997,kchadburn4h@craigslist.org,Marston,431 South Alley,ST20,+44-439-745-5751,University of Hertfordshire,3rd,27,February 2019,Stacey Broad
163,Denyse Worley,Female,01/03/1992,dworley4i@gizmodo.com,Pentre,47 Brentwood Place,SY4,+44 375 258 6436,"Institute of Classical Studies, University of London",2:1,21,February 2019,Bruno Bellbrook
164,Thaxter Plaid,Male,09/06/1991,tplaid4j@house.gov,West End,28 Transport Drive,DN36,+44 (801) 670-0839,"Institute of Latin American Studies, University of London",1st,07,February 2019,Gismo Tilling
165,Katharyn Panton,Female,07/03/1999,kpanton4k@reddit.com,London,76 Tennessee Pass,SW1E,+44-183-376-3887,University of Plymouth,3rd,06,February 2019,Sunny Sladefield
166,Gannie Lamberteschi,,12/02/1990,glamberteschi4l@engadget.com,Twyford,6913 GRACELAND CROSSING,LE14,+44 (182) 397-6685,University of Leicester,2:1,13,February 2019,Rupert Ripple
167,Alric Pettigrew,Male,01/08/2000,apettigrew4m@wix.com,Linton,7615 Daystar Parkway,BD23,+44-713-442-0222,Southampton Solent University,2:2,19,February 2019,Sunny Sladefield
168,YEVETTE RIMBAULT,Female,17/10/1994,yrimbault4n@goo.gl,Twyford,357 Canary Place,LE14,+44-582-591-5020,"Institue of Historical Research, University of London",2:1,12,February 2019,Stacey Broad
169,Dina Durbyn,Female,07/09/1996,ddurbyn4o@loc.gov,Middleton,28 Trailsway Avenue,LE16,,"Institute of Advanced Legal Studies, University of London",2:2,12,February 2019,Rupert Ripple
170,Ashley Dempsey,Female,23/01/1996,adempsey4p@noaa.gov,Craigavon,85 High Crossing Drive,BT66,+44-412-660-4154,Canterbury Christ Church University,2:1,27,February 2019,Sunny Sladefield
171,Elroy Hatchell,Male,30/04/1998,ehatchell4q@jiathis.com,London,54406 Carpenter Plaza,EC3M,+44-439-610-6471,Thames Valley University,2:1,19,February 2019,Doris Bellasis
172,Sigismond O'Heagertie,Male,19/11/1991,soheagertie4r@csmonitor.com,Sheffield,6302 North Court,S1,+44-459-450-8722,Stratford College London,2:1,06,February 2019,Rupert Ripple
173,Willis Dedney,Male,11/06/1992,,Norton,1 Loeprich Crossing,S8,,"University College London, University of London",2:2,26,February 2019,Doris Bellasis
174,Chlo Fair,Female,25/08/1996,,London,10 Fairview Center,EC1V,+44-793-780-3477,Trinity College of Music,2:1,21,February 2019,Rupert Ripple
175,Loraine Colville,Female,20/01/1994,lcolville4u@shutterfly.com,Halton,248 Spohn Junction,LS9,+44-212-755-9262,"University of the West of England, Bristol",2:2,26,February 2019,Doris Bellasis
176,Barbabas Huygens,Male,20/07/1992,bhuygens4v@theatlantic.com,Wirral,5728 Northwestern Trail,CH48,+44 (132) 380-4660,Imperial College School of Medicine,1st,19,February 2019,Gismo Tilling
177,Olivier Veazey,Male,07/12/1997,,Merton,52 Judy Alley,SW19,+44 841 999 8519,"University of the West of England, Bristol",2:1,06,February 2019,Rupert Ripple
178,Hildagarde Churchlow,Female,14/09/1991,hchurchlow4x@freewebs.com,London,94 DEBRA HILL,EC1V,+44 504 453 0893,University of Glamorgan,2:1,13,February 2019,Bruno Bellbrook
179,Abran Munson,Male,01/01/1993,amunson4y@reverbnation.com,Aberdeen,172 Bultman Drive,AB39,,University of St. Andrews,2:2,20,February 2019,Stacey Broad
180,Brena Creeber,Female,10/10/1995,bcreeber4z@homestead.com,Carlton,040 Shelley Trail,DL8,+44 (576) 490-9489,Southampton Solent University,2:1,13,February 2019,Bruno Bellbrook
181,Connor Gegg,Male,13/02/1999,cgegg50@alibaba.com,Bradford,577 Lindbergh Circle,BD7,+44 208 501 9291,,,14,February 2019,Doris Bellasis
182,Skelly Bhar,Male,14/01/1996,sbhar51@cbc.ca,Sheffield,4420 Cherokee Lane,S1,,"University of Wales, Aberystwyth",2:1,12,February 2019,Rupert Ripple
183,FRANKLYN GILLMAN,Male,07/05/1996,fgillman52@noaa.gov,Hatton,48688 Hollow Ridge Center,CV35,+44 (405) 785-8863,Napier University,2:1,05,February 2019,Gismo Tilling
184,Julita Benoy,Female,29/12/1993,jbenoy53@bloglines.com,Aston,7 Magdeline Parkway,TF6,+44-756-362-9435,"University College London, University of London",2:1,19,February 2019,Rupert Ripple
185,Terry MacVanamy,Female,24/01/1993,tmacvanamy54@ca.gov,Sheffield,6552 Barnett Road,S1,,Cranfield University,2:1,26,February 2019,Fifi Etton
186,Kenn Woolner,Male,02/01/1994,kwoolner55@google.com.hk,,,,+44 696 367 5357,University of Sheffield,2:1,12,February 2019,Stacey Broad
187,Adrian Keese,Male,24/10/1998,akeese56@shutterfly.com,Denton,94807 Longview Street,M34,+44 (687) 891-8226,University of Paisley,2:1,,,
188,Malachi Carlisso,Male,18/12/1997,mcarlisso57@com.com,Buckland,74910 Parkside Pass,CT16,+44 (261) 643-3131,,,19,February 2019,Gismo Tilling
189,Pincus Vallis,Male,24/01/1997,pvallis58@digg.com,Tullich,77 Shopko Trail,AB55,+44 (969) 611-4608,Liverpool John Moores University,1st,,,
190,Leonhard Sogg,Male,14/02/2000,,Marston,1 Cambridge Road,ST20,+44-652-112-0404,University of York,2:1,12,February 2019,Sunny Sladefield
191,CRISSY MCCRACKAN,Female,22/08/1995,cmccrackan5a@youtube.com,Merton,76589 Fordem Plaza,SW19,+44-993-143-5601,,,14,February 2019,Stacey Broad
192,Freeman Redwin,Male,26/10/1992,fredwin5b@pbs.org,Middleton,1857 Memorial Lane,LE16,+44 369 370 4463,Warnborough University,1st,,,
193,Sheridan Angeau,Male,23/01/2000,sangeau5c@virginia.edu,Glasgow,80648 Hanson Terrace,G4,+44 (528) 884-9551,"King's College London, University of London",2:1,26,February 2019,Stacey Broad
194,Lilllie Kun,Female,06/04/1995,lkun5d@sitemeter.com,Sheffield,86 Russell Court,S33,+44-577-184-2307,Anglia Ruskin University,2:2,13,February 2019,Fifi Eton
195,Abbe Ballard,Female,23/02/1993,,Newport,50 Calypso Hill,NR29,+44-152-694-0109,University of Birmingham,2:1,21,February 2019,Sunny Sladefield
196,Farah Ely,Female,14/12/1991,fely5f@census.gov,Wootton,56819 Weeping Birch Plaza,NN4,+44-489-397-0479,University of Salford,3rd,14,February 2019,Sunny Sladefield
197,Vale Trevarthen,Male,10/11/1995,vtrevarthen5g@nymag.com,Manchester,7 Warner Way,M14,+44-708-640-9997,Brunel University Uxbridge,2:2,13,February 2019,Stacey Broad
198,Verney Stieger,Male,25/07/1998,vstieger5h@ask.com,Craigavon,9 Lotheville Drive,BT66,+44-500-426-0065,"Courtauld Institute of Art, University of London",2:2,14,February 2019,Doris Bellasis
199,Ronni Fattorini,Female,16/11/2000,rfattorini5i@usda.gov,Bradford,1 Bobwhite Terrace,BD7,+44-956-802-6321,De Montfort University Leicester,1st,,,
200,Saxon McTiernan,Male,,smctiernan5j@canalblog.com,Denton,13 Anzinger Alley,M34,+44 231 246 1256,University of Reading,1st,19,February 2019,Stacey Broad
201,Kaleb Cappel,Male,23/10/1990,kcappel5k@foxnews.com,Birmingham,0 Haas Hill,B40,+44-773-699-5240,Aga Khan University,1st,05,February 2019,Sunny Sladefield
202,Gussy Mathias,Female,13/09/1992,gmathias5l@tripod.com,Sutton,9004 Arkansas Drive,RH5,+44 519 734 0096,University of Strathclyde,2:1,06,February 2019,Stacey Broad
203,Hermann Caser,Male,,hcaser5m@pen.io,Whitchurch,46742 4th Trail,BS14,+44-553-909-4277,London Institute of Management and Technology,2:1,26,February 2019,Gismo Tilling
204,Verine Darter,Female,10/12/1994,vdarter5n@salon.com,Walton,2 Fuller Court,CV35,+44 (186) 335-7503,"Birkbeck College, University of London",2:2,27,February 2019,Gismo Tilling
205,Pace Delion,Male,26/03/1997,pdelion5o@ameblo.jp,Newport,51 Crowley Circle,NR29,+44 (756) 685-2754,Canterbury Christ Church University,2:1,20,February 2019,Fifi Eton
206,Rooney Sheldrick,Male,23/04/1994,rsheldrick5p@java.com,Normanton,388 Mendota Park,LE15,+44 (448) 164-3172,Camberwell College of Arts,2:2,21,February 2019,Rupert Ripple
207,Jose Larham,Male,19/10/1990,jlarham5q@youku.com,Belfast,5 Butternut Plaza,BT2,+44 (322) 340-7712,,,07,February 2019,Rupert Ripple
208,Tabitha Vowdon,Female,31/03/2000,tvowdon5r@weather.com,Seaton,3 Magdeline Terrace,LE15,+44 (860) 535-7466,University of Gloucestershire,1st,12,February 2019,Sunny Sladefield
209,Alphard Marrison,Male,12/07/1994,amarrison5s@slashdot.org,Thorpe,3879 Scoville Plaza,BD23,+44 154 764 6769,Open University,2:2,05,February 2019,Rupert Ripple
210,Christy Kyston,Female,06/07/1997,ckyston5t@smh.com.au,Middleton,8114 Macpherson Point,LE16,,"Institute of Germanic Studies, University of London",2:1,07,February 2019,Stacey Broad
211,Inna Kidman,Female,,ikidman5u@1688.com,Thorpe,857 Lakewood Gardens Pass,BD23,,Richmond University - The American International University in London,3rd,12,February 2019,Sunny Sladefield
212,Albie Jacklings,Male,01/07/1993,,Middleton,937 Di Loreto Plaza,LE16,+44 (875) 293-7808,Newport International University,2:2,,,
213,Sammy Gowrie,Male,11/02/1998,sgowrie5w@earthlink.net,Tullich,4359 Mallory Junction,AB55,+44 (267) 330-3175,University of Sheffield,2:1,26,February 2019,Bruno Bellbrook
214,Zaneta Rowbottom,Female,,zrowbottom5x@purevolume.com,Kirkton,87621 Sutherland Hill,KW10,+44 (518) 181-3341,University of Gloucestershire,2:2,27,February 2019,Sunny Sladefield
215,Solly Kollas,Male,28/01/1998,skollas5y@wunderground.com,Liverpool,675 Bashford Court,L33,+44 (847) 814-2017,London Business School,1st,14,February 2019,Rupert Ripple
216,Gaspard Dunn,Male,07/01/1992,gdunn5z@cbc.ca,Newbiggin,13446 Cardinal Parkway,NE46,+44-687-378-4682,"School of Slavonic and East European Studies, University of London",2:1,28,February 2019,Fifi Eton
217,Ali Shegog,Female,04/02/1990,ashegog60@vinaora.com,Charlton,551 David Road,OX12,+44-289-633-7316,Sotheby´s Institute of Art - London,2:2,26,February 2019,Rupert Ripple
218,Kendrick Collinette,Male,09/07/1991,kcollinette61@wired.com,Aberdeen,5538 Spenser Crossing,AB39,+44 (320) 388-1578,University of Leicester,3rd,20,February 2019,Rupert Ripple
219,Liuka Drissell,Female,07/07/1998,ldrissell62@bbc.co.uk,Denton,2241 Kingsford Drive,M34,+44 809 830 4138,University of St. Andrews,2:1,20,February 2019,Stacey Broad
220,Bryanty Zamorrano,Male,18/04/1996,bzamorrano63@samsung.com,Normanton,8 Pond Hill,LE15,+44 (528) 203-4848,Oxford Brookes University,2:1,26,February 2019,Stacey Broad
221,Fabian Exell,Male,15/02/1993,fexell64@networksolutions.com,Weston,0579 Roxbury Junction,GU32,+44 321 955 3048,Cranfield University,1st,13,February 2019,Stacey Broad
222,Matthiew Olekhov,Male,15/06/1995,molekhov65@meetup.com,Liverpool,42158 Lakeland Lane,L33,+44 766 496 5991,University of Sheffield,2:1,05,February 2019,Fifi Etton
223,Montague Craft,Male,04/12/1994,mcraft66@ustream.tv,Glasgow,8598 Lotheville Pass,G4,+44 156 951 7409,"Institute of Classical Studies, University of London",2:1,06,February 2019,Bruno Bellbrook
224,Garrard Yakunin,Male,,gyakunin67@phoca.cz,Walton,09893 Monument Lane,CV35,+44-840-502-1331,Leeds Metropolitan University,2:2,05,February 2019,Doris Bellasis
225,Howard Shipperbottom,Male,06/01/1999,hshipperbottom68@drupal.org,East End,6 Bartillon Way,BH21,+44-309-166-5296,University of Wales,2:1,26,February 2019,Gismo Tilling
226,Jarred Connar,Male,11/05/1993,jconnar69@mail.ru,Burnside,37 Westerfield Pass,EH52,+44-646-337-9265,"Goldsmiths College, University of London",2:1,19,February 2019,Rupert Ripple
227,Tim Saunter,Female,24/05/1995,tsaunter6a@google.es,Weston,7924 Steensland Crossing,GU32,+44 992 515 6758,University of East Anglia,2:2,20,February 2019,Sunny Sladefield
228,Fletcher Ayllett,Male,22/04/1993,fayllett6b@google.com.au,Burnside,61 JUDY STREET,EH52,+44-497-275-6034,"Courtauld Institute of Art, University of London",2:2,20,February 2019,Fifi Eton
229,Kipp Le Huquet,Female,26/10/1991,kle6c@imdb.com,,,,+44 (248) 862-0928,"London School of Hygiene & Tropical Medicine, University of London",2:1,14,February 2019,Bruno Bellbrook
230,Daryl McKillop,Male,28/11/2000,dmckillop6d@t.co,Liverpool,27826 Memorial Road,L74,+44-978-197-4636,"United Medical and Dental Schools, University of London",3rd,07,February 2019,Gismo Tilling
231,Marmaduke Bratch,Male,25/01/1990,,Dean,1748 Delaware Drive,OX7,+44 (593) 964-0540,University of Bath,3rd,26,February 2019,Fifi Etton
232,Rici Willingale,Female,21/12/1999,rwillingale6f@feedburner.com,Hatton,864 Clove Street,CV35,+44 393 978 3186,"London School of Hygiene & Tropical Medicine, University of London",1st,28,February 2019,Rupert Ripple
233,Randi Lebourn,Female,05/12/1998,rlebourn6g@harvard.edu,Sutton,61 Hanson Pass,RH5,+44-854-217-3165,"University of the West of England, Bristol",2:1,12,February 2019,Sunny Sladefield
234,Bryanty Croal,Male,24/04/1994,bcroal6h@php.net,Burnside,4 Kingsford Plaza,EH52,+44 (243) 671-8462,Loughborough University,2:1,06,February 2019,Stacey Broad
235,Sonja Scibsey,Female,28/08/1999,sscibsey6i@vkontakte.ru,Kinloch,3521 Sullivan Junction,PH43,+44 746 912 4579,Stratford College London,2:1,14,February 2019,Fifi Eton
236,Elinore Dunnan,Female,22/06/1991,edunnan6j@google.com.hk,London,5990 Eagan Junction,SW1E,+44 581 157 4258,"Saint George's Hospital Medical School, University of London",2:1,19,February 2019,Stacey Broad
237,Frazier Stockford,Male,02/06/1999,fstockford6k@aboutads.info,West End,0559 Barnett Circle,DN36,+44 (141) 567-9698,University of Exeter,3rd,,,
238,Auguste Armstead,Female,27/07/1996,aarmstead6l@squidoo.com,London,16 Sommers Way,W1F,+44 (738) 807-1777,Canterbury Christ Church University,2:2,28,February 2019,Stacey Broad
239,Armstrong Hursthouse,Male,26/07/1992,ahursthouse6m@theatlantic.com,East End,21833 Union Lane,BH21,+44 (254) 507-4089,"Birkbeck College, University of London",2:1,12,February 2019,Doris Bellasis
240,Retha Ollivierre,Female,07/05/1992,,Brampton,9 Forest Dale Circle,NR34,+44 939 276 2437,Staffordshire University,1st,,,
241,Jeannine McPolin,Female,14/06/1994,,Ashley,65 Jana Parkway,SN13,+44 572 211 0342,"School of Oriental and African Studies, University of London",2:1,20,February 2019,Bruno Bellbrook
242,Kiel McMullen,Male,12/05/1998,kmcmullen6p@psu.edu,Aston,800 Donald Park,TF6,+44 (518) 746-3433,Cardiff University,2:1,12,February 2019,Stacey Broad
243,Kerby Tranfield,Male,17/09/1994,ktranfield6q@privacy.gov.au,Pentre,8150 Rowland Place,SY4,+44 (311) 598-4618,"St.Patrick's International College, London",3rd,28,February 2019,Sunny Sladefield
244,Jeromy Gauntley,Male,27/05/1995,jgauntley6r@wix.com,London,4122 Park Meadow Crossing,WC1B,+44 (993) 488-0674,"University of Wales, Swansea",2:1,28,February 2019,Gismo Tilling
245,Jacob Esley,Male,02/09/1994,jesley6s@phpbb.com,Linton,4882 Algoma Place,BD23,,Trinity College Carmarthen,2:1,28,February 2019,Stacey Broad
246,Alessandra Krollmann,Female,25/10/1995,akrollmann6t@cbslocal.com,Sutton,9 Morningstar Circle,RH5,+44 (384) 540-7107,University of Strathclyde,2:2,13,February 2019,Sunny Sladefield
247,Hilary Foxen,Female,25/04/1999,hfoxen6u@tumblr.com,East End,54217 Westend Parkway,BH21,+44 (976) 388-0937,Warnborough University,2:1,06,February 2019,Fifi Etton
248,Abey Yedy,Male,24/10/1991,ayedy6v@shinystat.com,London,4 Almo Crossing,WC1B,+44-553-399-3355,University of Wales College of Medicine,1st,,,
249,Cynthy Raiker,Female,21/05/1997,craiker6w@flavors.me,Langley,51 Roth Plaza,SG4,+44-361-107-2577,ifs University College,2:2,05,February 2019,Stacey Broad
250,Katleen Siddon,Female,02/09/1997,ksiddon6x@umn.edu,Ashley,6986 Oxford Place,SN13,+44 171 711 0577,University of Liverpool,2:2,28,February 2019,Bruno Bellbrook
251,Kendal Timmens,Male,22/02/1999,ktimmens6y@joomla.org,Walton,37 Russell Circle,CV35,+44 (763) 374-7686,University of Reading,3rd,27,February 2019,Gismo Tilling
252,Joy Critten,Female,13/08/1997,jcritten6z@lycos.com,Belfast,3 Reindahl Parkway,BT2,,University of Greenwich,3rd,05,February 2019,Doris Bellasis
253,Rosmunda Dionisetti,Female,27/04/1999,rdionisetti70@parallels.com,Stapleford,835 Annamark Court,LN6,+44 722 856 2067,University of Reading,1st,28,February 2019,Fifi Etton
254,Bryanty Garbutt,Male,12/08/1994,bgarbutt71@bravesites.com,Dean,38 School Alley,OX7,+44 192 682 0025,Liverpool Hope University College,2:1,21,February 2019,Doris Bellasis
255,Barnebas MacKettrick,Male,,bmackettrick72@jimdo.com,Wirral,3 Holy Cross Place,CH48,+44-501-799-7144,Leeds Metropolitan University,2:1,21,February 2019,Rupert Ripple
256,Ilaire Ord,Male,14/03/1994,iord73@un.org,Merton,16705 Karstens Place,SW19,+44-347-150-8971,Glasgow Caledonian University,2:2,27,February 2019,Rupert Ripple
257,Lula Titley,,18/10/1999,ltitley74@tuttocitta.it,Preston,86790 Bartillon Terrace,PR1,+44-253-760-8637,University of Brighton,3rd,28,February 2019,Sunny Sladefield
258,Hilarius Zywicki,Male,18/01/1998,hzywicki75@walmart.com,Preston,5 Norway Maple Hill,PR1,+44 (327) 660-9300,"University of Wales Institute, Cardiff",2:1,19,February 2019,Gismo Tilling
259,Vail Noen,Male,13/02/1992,vnoen76@soup.io,Upton,23 Havey Terrace,DN21,+44 (361) 783-8563,University of Northampton,2:2,12,February 2019,Fifi Etton
260,Jilly Lampett,Female,,jlampett77@mashable.com,Walton,5025 Mayer Place,CV35,+44 (104) 194-7127,University of Essex,2:2,07,February 2019,Stacey Broad
261,Elysee Mardoll,Female,14/07/1991,emardoll78@ihg.com,Kinloch,784 Starling Drive,PH43,+44-705-227-4115,University of Ulster,2:2,19,February 2019,Sunny Sladefield
262,Cissy Arnoult,Female,07/04/1996,carnoult79@springer.com,Bristol,39 Comanche Park,BS41,+44 176 251 8907,"University of the West of England, Bristol",1st,20,February 2019,Gismo Tilling
263,Randolf Boraston,Male,08/07/1998,rboraston7a@harvard.edu,Dean,875 Dapin Court,OX7,+44 (328) 354-8421,Sheffield Hallam University,2:1,05,February 2019,Rupert Ripple
264,Weston Bakes,Male,28/05/2000,wbakes7b@walmart.com,Birmingham,687 Sachs Parkway,B12,+44 880 986 8420,Sotheby´s Institute of Art - London,3rd,26,February 2019,Bruno Bellbrook
265,Padget Gillyatt,Male,18/12/1993,pgillyatt7c@foxnews.com,Middleton,206 Roth Street,LE16,+44-388-232-9315,"Saint George's Hospital Medical School, University of London",2:2,05,February 2019,Rupert Ripple
266,Brinna Bridle,Female,19/07/1995,bbridle7d@deviantart.com,West End,1 Mifflin Street,DN36,+44 757 284 1823,University of Manchester,1st,21,February 2019,Rupert Ripple
267,Emmalynn Valentetti,Female,06/10/1995,evalentetti7e@addtoany.com,Liverpool,52 Bay Avenue,L74,+44 962 309 8353,University of Bath,1st,05,February 2019,Rupert Ripple
268,Gabrielle Clayal,Female,29/05/1991,gclayal7f@dot.gov,London,70720 Atwood Alley,W1F,+44 488 309 7600,The American University in London,3rd,14,February 2019,Fifi Eton
269,Ealasaid Badcock,Female,06/06/1990,ebadcock7g@ihg.com,West End,900 Petterle Center,DN36,+44-546-907-6868,University of Birmingham,2:2,26,February 2019,Bruno Bellbrook
270,Stanfield Collison,Male,,scollison7h@amazon.co.uk,,,,+44 318 526 8867,University of Aberdeen,3rd,27,February 2019,Rupert Ripple
271,Edin Elie,Female,17/05/1990,eelie7i@state.tx.us,Birmingham,25 Clyde Gallagher Way,B40,+44 627 418 2667,"Heythrop College, University of London",2:1,26,February 2019,Rupert Ripple
272,Suellen Downgate,Female,28/11/1995,sdowngate7j@japanpost.jp,Thorpe,8 Merry Crossing,BD23,+44-211-703-9729,"Schiller International University, London",2:2,26,February 2019,Bruno Bellbrook
273,Shurlocke Helmke,Male,23/04/1994,shelmke7k@people.com.cn,Newtown,31 Di Loreto Park,RG20,+44 132 800 7309,London Guildhall University,2:1,13,February 2019,Gismo Tilling
274,Ruy Wythill,Male,07/08/1997,rwythill7l@shinystat.com,Upton,5981 Fallview Road,DN21,+44 (234) 440-9476,"Royal College of Music, University of London",3rd,20,February 2019,Fifi Eton
275,Shawn Bowmer,Male,22/08/1996,sbowmer7m@tumblr.com,Buckland,96284 Jackson Place,CT16,+44-338-681-7401,Liverpool John Moores University,2:1,07,February 2019,Stacey Broad
276,Lilia Roust,Female,02/09/1996,lroust7n@tamu.edu,Sutton,8 Myrtle Drive,CT15,,Canterbury Christ Church University,1st,,,
277,Ogden Howley,Male,27/10/1999,ohowley7o@techcrunch.com,Charlton,9 Swallow Terrace,OX12,+44 587 461 7598,University of London,3rd,,,
278,Marianne Pietruszka,Female,22/11/1994,mpietruszka7p@si.edu,Middleton,58 Steensland Hill,LE16,+44 (553) 202-0747,Coventry University,2:1,27,February 2019,Rupert Ripple
279,Arley Pinnegar,Male,15/10/1997,apinnegar7q@drupal.org,Brampton,8944 1st Plaza,NR34,+44 655 868 2624,University of Huddersfield,2:2,05,February 2019,Rupert Ripple
280,Jim Crebbin,Male,29/01/1990,,Weston,38008 Debs Alley,GU32,+44 276 388 7850,University of Chester,2:2,,,
281,Wash McHaffy,Male,12/09/1998,wmchaffy7s@alexa.com,Ford,60315 Lawn Court,GL54,+44 215 828 0849,European School of Economics,1st,21,February 2019,Doris Bellasis
282,Sophia O'Hanlon,Female,20/08/1990,sohanlon7t@dell.com,Thorpe,36752 Golden Leaf Terrace,BD23,+44 (988) 937-7547,"School of Slavonic and East European Studies, University of London",2:1,,,
283,El Durante,Male,07/02/1997,edurante7u@umn.edu,Wirral,0997 Jenna Way,CH48,+44 (633) 715-0680,University of Warwick,1st,13,February 2019,Doris Bellasis
284,Benedick Arnhold,Male,06/07/1996,barnhold7v@google.pl,Birmingham,4 Glendale Crossing,B12,+44-842-111-9439,University of Leicester,1st,13,February 2019,Sunny Sladefield
285,Shea Skillett,Male,23/11/1995,sskillett7w@pagesperso-orange.fr,Norton,50 Lakeland Road,S8,+44 671 179 7260,London Metropolitan University,2:1,19,February 2019,Sunny Sladefield
286,Nevile Tucknutt,Male,31/10/1994,ntucknutt7x@free.fr,Newtown,5 Susan Junction,RG20,+44 (565) 829-1532,"United Medical and Dental Schools, University of London",2:2,,,
287,Carmel Rishworth,Female,13/01/1992,crishworth7y@wikimedia.org,Stapleford,2 Myrtle Road,LN6,+44-443-354-4201,University of Surrey,2:2,27,February 2019,Doris Bellasis
288,Marika Massard,Female,11/12/1991,mmassard7z@icq.com,Newtown,98433 Derek Park,RG20,+44-825-149-4709,University of Bradford,2:1,26,February 2019,Stacey Broad
289,Boony Heale,Male,24/03/1996,bheale80@uol.com.br,Whitchurch,052 Kings Park,BS14,+44-584-790-1674,Oxford Brookes University,2:2,,,
290,Jasper Moehle,Male,11/10/1997,jmoehle81@w3.org,Denton,0 Spenser Lane,M34,+44-307-342-9821,Glasgow School of Art,2:2,27,February 2019,Doris Bellasis
291,Luce Midden,Female,02/11/1995,lmidden82@dedecms.com,Seaton,9 Golf Course Avenue,LE15,+44 588 818 1315,London College of Science & Technology,1st,13,February 2019,Stacey Broad
292,Des Dimond,Male,10/03/1998,ddimond83@imageshack.us,Upton,131 Hoffman Drive,WF9,+44 115 490 6721,University of East London,2:2,07,February 2019,Stacey Broad
293,Cleve Hallbord,Male,,challbord84@sun.com,Upton,93024 Service Lane,WF9,+44 901 832 7402,British College of Osteopathic Medicine,1st,19,February 2019,Sunny Sladefield
294,Amos Vasnev,Male,11/05/1998,avasnev85@deviantart.com,Horton,8 Badeau Parkway,BS37,+44 171 785 7578,"United Medical and Dental Schools, University of London",2:2,13,February 2019,Gismo Tilling
295,Dukey Paddemore,Male,08/03/1999,dpaddemore86@goo.gl,London,54 Boyd Point,EC3M,+44 (200) 689-5408,Heriot-Watt University,3rd,12,February 2019,Fifi Etton
296,Lee Houlworth,Female,13/10/1992,lhoulworth87@uiuc.edu,Upton,5 Kim Center,DN21,+44 701 851 8881,Cranfield University,3rd,14,February 2019,Gismo Tilling
297,Elinore Bevis,Female,14/12/1993,ebevis88@hubpages.com,Aston,6197 Dayton Road,TF6,+44 (454) 397-7052,International Colleges of Islamic Science,1st,28,February 2019,Sunny Sladefield
298,Felicity Biggans,Female,13/04/1997,fbiggans89@desdev.cn,Langley,6658 Claremont Hill,SG4,+44 144 782 6960,University of Wales,3rd,05,February 2019,Gismo Tilling
299,Gal Wallwood,Male,19/06/1992,gwallwood8a@weather.com,London,498 Buena Vista Lane,W1F,+44 598 156 2792,University of Paisley,2:2,26,February 2019,Stacey Broad
300,Easter Ragless,Female,12/10/1991,eragless8b@people.com.cn,Newton,32 Fisk Park,NG34,+44-291-901-9090,European School of Economics,2:2,14,February 2019,Gismo Tilling
301,Rae Dallaghan,Female,,rdallaghan8c@scientificamerican.com,Church End,9599 Clemons Circle,CB4,+44 762 447 8723,"Royal College of Music, University of London",2:2,28,February 2019,Fifi Etton
302,Giulietta Ponter,Female,18/04/1999,gponter8d@twitpic.com,Wootton,37 Shopko Trail,NN4,+44 772 932 3619,University of Dundee,3rd,,,
303,Terrijo Train,Female,19/06/2000,ttrain8e@photobucket.com,Belfast,25 Morrow Way,BT2,+44-748-554-8805,The Robert Gordon University,2:1,,,
304,Othella Gorriessen,Female,03/03/2000,ogorriessen8f@1688.com,Pentre,7 Ryan Pass,SY4,+44 (871) 816-6598,University of Bradford,2:2,21,February 2019,Gismo Tilling
305,Lucila Woofenden,Female,02/03/2000,lwoofenden8g@jiathis.com,Liverpool,6594 Kipling Way,L33,+44-932-687-4019,University of Liverpool,2:1,,,
306,Turner Oldred,Male,16/01/1990,toldred8h@ebay.co.uk,Kinloch,99 Schlimgen Park,PH43,+44 755 570 4878,Aga Khan University,2:1,06,February 2019,Bruno Bellbrook
307,Idaline Gadeaux,Female,06/09/1991,igadeaux8i@tinyurl.com,London,6948 Vidon Alley,WC1B,,University of Greenwich,2:2,27,February 2019,Stacey Broad
308,Alfons Marchington,Male,04/04/1997,,Linton,22 Morning Circle,BD23,+44 430 815 7880,Napier University,1st,14,February 2019,Fifi Etton
309,Adolph Andreia,Male,16/04/1992,aandreia8k@smh.com.au,Milton,2027 Raven Plaza,NG22,+44 157 257 6163,University of Plymouth,1st,27,February 2019,Bruno Bellbrook
310,CASAR BROSEMAN,Male,23/04/1996,cbroseman8l@abc.net.au,Ashley,8156 Huxley Place,SN13,+44-412-969-6305,Royal Holloway and Bedford New College,2:2,28,February 2019,Stacey Broad
311,Rhoda Drinkeld,Female,27/06/1990,rdrinkeld8m@quantcast.com,Wootton,79 Straubel Trail,NN4,+44 980 889 7778,Oxford Brookes University,2:2,27,February 2019,Stacey Broad
312,Eydie Tanton,Female,25/08/2000,etanton8n@desdev.cn,Upton,16 Dryden Hill,DN21,+44-425-621-2407,Sheffield Hallam University,2:1,14,February 2019,Bruno Bellbrook
313,Aubert Greally,Male,25/07/1997,agreally8o@upenn.edu,Milton,68 Prentice Park,NG22,+44 (310) 970-5760,"School of Oriental and African Studies, University of London",2:1,12,February 2019,Gismo Tilling
314,Colene Degli Antoni,Female,23/07/1999,cdegli8p@seattletimes.com,Kinloch,44 Southridge Avenue,PH43,+44-240-347-3373,William Gilbert College,2:1,05,February 2019,Sunny Sladefield
315,Manya Ajsik,Female,07/09/1991,majsik8q@blogger.com,Charlton,67 Forest Dale Avenue,OX12,+44 (480) 467-1997,University of York,2:1,12,February 2019,Rupert Ripple
316,Pascal Swynfen,Male,02/01/1990,pswynfen8r@meetup.com,Church End,54 Killdeer Crossing,CB4,+44 408 937 7861,University of Oxford,2:1,,,
317,Godwin Roloff,Male,17/11/1997,groloff8s@wix.com,Ford,541 Mallory Terrace,GL54,+44-522-283-7827,Royal Holloway and Bedford New College,3rd,14,February 2019,Stacey Broad
318,Ervin Jerche,Male,25/08/2000,ejerche8t@miibeian.gov.cn,Tullich,80 Luster Crossing,AB55,+44-357-493-6069,Richmond University - The American International University in London,2:1,12,February 2019,Fifi Eton
319,Giulietta Cready,Female,04/12/1994,gcready8u@people.com.cn,Kinloch,3 Paget Trail,PH43,+44-581-484-8086,London School of Business & Finance,2:1,06,February 2019,Fifi Eton
320,Jermain Florez,Male,19/08/1991,jflorez8v@example.com,Weston,64 Dunning Park,GU32,+44 524 593 6231,Trinity College Carmarthen,2:2,,,
321,Gardiner Di Ruggiero,Male,24/03/1991,gdi8w@wisc.edu,Hatton,480 Bluestem Road,CV35,+44 214 860 0652,"University of Wales, Swansea",1st,07,February 2019,Doris Bellasis
322,Zak Hawes,Male,15/02/1992,zhawes8x@unesco.org,Church End,17500 Badeau Court,CB4,+44-543-988-2634,University of Lincoln,2:1,14,February 2019,Gismo Tilling
323,Gunther Huffer,Male,31/01/1991,ghuffer8y@goo.ne.jp,Upton,51991 Annamark Court,WF9,+44 (316) 447-2457,"King's College London, University of London",2:2,,,
324,SILVESTER CALLER,Male,10/04/1994,,Newbiggin,46487 Cherokee Drive,NE46,+44 910 303 5734,University of Lincoln,2:2,13,February 2019,Rupert Ripple
325,Karna Henkmann,Female,19/06/1992,khenkmann90@livejournal.com,Wirral,5 Monterey Circle,CH48,+44 297 173 8262,Aston University,2:2,14,February 2019,Stacey Broad
326,RAIMUNDO STACEY,Male,16/04/1997,rstacey91@nih.gov,Newtown,831 Arrowood Circle,RG20,+44-289-950-3470,London School of Business & Finance,1st,05,February 2019,Fifi Etton
327,Garrett Sprulls,Male,01/06/1997,gsprulls92@drupal.org,Manchester,7 8th Terrace,M14,+44 823 840 7950,University of Surrey,1st,19,February 2019,Gismo Tilling
328,Felicio McGillivray,Male,,fmcgillivray93@cnn.com,Newton,86 Iowa Plaza,NG34,,"Birkbeck College, University of London",2:1,05,February 2019,Rupert Ripple
329,Robbyn Shearmur,Female,07/01/1999,rshearmur94@forbes.com,Milton,6534 Clyde Gallagher Circle,AB56,+44 (608) 757-2467,Aga Khan University,3rd,27,February 2019,Rupert Ripple
330,Monroe McGuinness,Male,21/09/1990,mmcguinness95@sitemeter.com,Bristol,31279 Clove Trail,BS41,+44 (124) 211-7990,Trinity College Carmarthen,2:1,21,February 2019,Rupert Ripple
331,Lynette Ingram,Female,23/07/1991,lingram96@businessinsider.com,Wootton,44236 Reinke Drive,NN4,+44-333-593-4509,University of Reading,2:1,20,February 2019,Doris Bellasis
332,Danit Matokhnin,Female,10/08/2000,dmatokhnin97@pcworld.com,London,48 Graceland Junction,EC3M,+44 654 186 5030,ifs University College,2:2,07,February 2019,Doris Bellasis
333,Bryanty Antonnikov,Male,19/08/1990,bantonnikov98@so-net.ne.jp,London,583 Canary Hill,EC3M,+44-840-374-6037,Glasgow Caledonian University,3rd,20,February 2019,Sunny Sladefield
334,Maggy O'Cleary,Female,07/02/1997,mocleary99@baidu.com,Newbiggin,1605 Mosinee Street,NE46,+44 908 868 7247,University of Sunderland,2:2,26,February 2019,Fifi Etton
335,Costa Macvey,Male,22/03/1992,cmacvey9a@technorati.com,Merton,5 Vera Parkway,SW19,+44 (590) 222-9666,University of Lancaster,1st,06,February 2019,Gismo Tilling
336,Lennie Mouncher,Male,28/07/1995,lmouncher9b@apache.org,London,02795 Brentwood Junction,EC3M,+44-495-912-5548,London College of Science & Technology,2:2,07,February 2019,Rupert Ripple
337,Phillis Melin,Female,25/03/1994,pmelin9c@mysql.com,Whitwell,3 Dapin Drive,DL10,+44 231 910 3971,"Birkbeck College, University of London",3rd,13,February 2019,Gismo Tilling
338,Bobbye Hains,Female,10/05/1991,bhains9d@jugem.jp,Langley,098 Becker Avenue,SG4,+44 923 104 6440,Napier University,1st,26,February 2019,Gismo Tilling
339,Garek McTeague,Male,09/01/1991,gmcteague9e@ameblo.jp,Birmingham,841 Shoshone Parkway,B40,+44 465 858 3946,University of Surrey,3rd,21,February 2019,Rupert Ripple
340,Ulric Mordin,Male,27/03/1998,umordin9f@webeden.co.uk,Hatton,0532 Park Meadow Junction,CV35,+44 (504) 768-3676,University of Nottingham,1st,13,February 2019,Rupert Ripple
341,Thorpe Pettett,Male,16/03/1992,tpettett9g@sciencedirect.com,Whitwell,6735 Spaight Avenue,DL10,+44 773 858 4994,"School of Pharmacy, University of London",2:2,28,February 2019,Gismo Tilling
342,Llywellyn Hoggins,Male,07/02/1992,lhoggins9h@wikipedia.org,Seaton,7710 Acker Pass,LE15,+44 729 266 8160,University of Durham,2:1,21,February 2019,Fifi Eton
343,Marni Mumberson,Female,02/01/1994,mmumberson9i@cnbc.com,Norton,792 Homewood Parkway,NN11,+44 203 806 2395,Loughborough University,2:1,06,February 2019,Gismo Tilling
344,Andris Frangello,Male,30/01/1993,afrangello9j@51.la,Aston,4 Superior Junction,TF6,+44 168 155 9169,University of Portsmouth,1st,19,February 2019,Doris Bellasis
345,Corette Gislebert,Female,28/01/1997,cgislebert9k@cisco.com,Church End,7 Northridge Park,CB4,+44-472-426-7280,University of Sunderland,2:1,27,February 2019,Fifi Etton
346,Abby Pallatina,Male,09/08/1992,apallatina9l@ebay.com,London,60 Eliot Park,EC3M,+44-947-767-9367,"Queen Mary and Westfield College, University of London",3rd,07,February 2019,Fifi Eton
347,Josy Nell,Female,,jnell9m@studiopress.com,Kinloch,7602 Fuller Junction,PH43,,University of Bedfordshire,2:1,07,February 2019,Doris Bellasis
348,Adiana Almey,Female,25/01/1995,aalmey9n@fc2.com,Tullich,3 Cherokee Circle,AB55,+44 (435) 964-7387,University of Edinburgh,1st,28,February 2019,Bruno Bellbrook
349,Paxon Witcombe,Male,01/07/1992,pwitcombe9o@google.co.uk,Marston,95 Gerald Hill,ST20,+44 535 958 4546,European School of Economics,2:1,07,February 2019,Sunny Sladefield
350,Caryn Adriaan,Female,09/12/1991,,Ashley,19814 Washington Lane,SN13,+44 (795) 149-2463,University of Leeds,2:2,05,February 2019,Rupert Ripple
351,Pattin Necrews,Male,18/04/1997,pnecrews9q@yale.edu,Birmingham,9 Arrowood Alley,B40,+44 (489) 355-3135,London Metropolitan University,2:2,14,February 2019,Fifi Etton
352,Jdavie Bools,Male,28/11/1993,jbools9r@cbc.ca,Newtown,4876 Ridgeview Drive,RG20,+44 (113) 691-1893,University of St. Andrews,2:1,28,February 2019,Bruno Bellbrook
353,Broderic Bradick,Male,31/08/1995,bbradick9s@state.gov,Sutton,632 Ridgeview Trail,CT15,+44 896 142 5521,University of Manchester,1st,06,February 2019,Fifi Eton
354,Bond Kimmel,Male,14/05/1997,bkimmel9t@netvibes.com,Sheffield,35030 Muir Plaza,S33,+44-510-741-2204,"Royal Free Hospital School of Medicine, University of London",1st,07,February 2019,Fifi Etton
355,Lorrin Filler,Female,05/09/1994,lfiller9u@narod.ru,Newtown,566 Lotheville Center,RG20,+44 (767) 381-3903,London School of Business & Finance,2:1,21,February 2019,Fifi Etton
356,Shelba Westnage,Female,11/06/1999,swestnage9v@guardian.co.uk,London,206 Mifflin Circle,EC1V,+44 864 930 8518,"Schiller International University, London",3rd,14,February 2019,Doris Bellasis
357,Jacklyn Millhouse,Female,30/10/2000,jmillhouse9w@jiathis.com,Middleton,5 Sullivan Lane,LE16,+44 (441) 509-1832,University of Lincoln,2:2,21,February 2019,Fifi Eton
358,Jard Antonowicz,Male,,,Aston,9 Green Ridge Alley,TF6,+44 249 306 9574,University of Northampton,2:2,26,February 2019,Sunny Sladefield
359,Bobby Learmont,Female,14/03/1997,blearmont9y@mapy.cz,Horton,3987 Pennsylvania Drive,BS37,+44-822-287-9149,University of Huddersfield,1st,07,February 2019,Gismo Tilling
360,Sampson Prettejohns,Male,09/07/1997,sprettejohns9z@columbia.edu,Aberdeen,182 Glacier Hill Trail,AB39,+44-750-710-6518,"Saint George's Hospital Medical School, University of London",1st,27,February 2019,Gismo Tilling
361,Allyn McCrum,Female,01/11/2000,amccruma0@amazon.co.uk,Newton,35 Westend Alley,IV1,+44 (712) 781-9668,University of Manchester,2:1,12,February 2019,Stacey Broad
362,Norah Bowen,Female,18/11/1994,nbowena1@ihg.com,Eaton,593 Oriole Way,DN22,+44 189 418 8638,University of Abertay Dundee,2:1,26,February 2019,Bruno Bellbrook
363,Diandra Searles,Female,08/03/1998,dsearlesa2@dot.gov,West End,38 Rieder Avenue,DN36,+44 432 907 1519,,,05,February 2019,Doris Bellasis
364,Andrey Lawlance,Male,28/02/1997,alawlancea3@chronoengine.com,Normanton,08775 Sullivan Center,LE15,+44 (309) 932-7330,"Royal Free Hospital School of Medicine, University of London",2:1,05,February 2019,Fifi Eton
365,Northrup Firmin,Male,20/03/1993,nfirmina4@cargocollective.com,Whitchurch,09 Maple Alley,BS14,+44 379 519 4702,Nottingham Trent University,3rd,,,
366,Hillel Connechie,Male,10/05/1994,hconnechiea5@jiathis.com,Bradford,8 Mcguire Alley,BD7,+44-613-168-6954,University of Salford,2:2,07,February 2019,Gismo Tilling
367,Almire Dwyer,Female,18/10/1997,adwyera6@washington.edu,Milton,7 Schiller Avenue,NG22,+44-890-740-1302,Heriot-Watt University,2:1,28,February 2019,Rupert Ripple
368,Gardie Charsley,Male,16/04/1993,gcharsleya7@rediff.com,Birmingham,7 Mallard Court,B12,,University of Teesside,2:1,20,February 2019,Doris Bellasis
369,Jozef Vedekhin,Male,13/11/1994,jvedekhina8@salon.com,Newbiggin,2 Kedzie Lane,NE46,+44 (786) 794-6844,Loughborough University,2:1,19,February 2019,Gismo Tilling
370,Alick Padkin,Male,05/04/1990,apadkina9@mapquest.com,Dean,8041 Harbort Point,OX7,+44-298-292-5378,De Montfort University Leicester,2:1,28,February 2019,Gismo Tilling
371,Edgardo Hemphall,Male,20/12/1991,,Sheffield,1 Veith Junction,S1,+44 511 262 1259,University of Huddersfield,2:1,28,February 2019,Bruno Bellbrook
372,Carroll Benyon,Female,31/10/2000,cbenyonab@biglobe.ne.jp,Sutton,99 New Castle Crossing,CT15,+44 797 244 2362,"School of Slavonic and East European Studies, University of London",2:1,05,February 2019,Gismo Tilling
