id,name,gender,dob,email,city,address,postcode,phone_number,uni,degree,invited_date,month,invited_by
1,Dill Benedtti,Male,18/11/1995,dbenedtti0@sciencedirect.com,Marston,86 Coleman Street,ST20,+44-121-275-8988,Canterbury Christ Church University,2:1,,,
2,Guss Tacon,,09/01/1999,gtacon1@blogger.com,Linton,554 Harbort Hill,BD23,+44 (589) 867-9900,"University of the West of England, Bristol",2:1,25,JULY 2019,Fifi Eton
3,Berty Huban,Male,21/01/1997,bhuban2@biblegateway.com,Weston,9 Loeprich Center,GU32,+44 (389) 867-4563,London School of Business & Finance,2:1,18,JULY 2019,Doris Bellasis
4,Matthieu Dulake,Male,29/11/1994,mdulake3@europa.eu,Wirral,170 Sachtjen Point,CH48,+44 (219) 791-5080,University of Wolverhampton,2:2,31,JULY 2019,Fifi Etton
5,Darwin Sambiedge,Male,03/07/1996,dsambiedge4@mozilla.org,Middleton,6 Westridge Plaza,LE16,+44 (946) 681-1350,London Metropolitan University,2:2,10,JULY 2019,Sunny Sladefield
6,Sim Bacchus,Male,18/02/1998,sbacchus5@rediff.com,London,66257 Golf Plaza,EC1V,+44 741 384 4056,University of Chester,2:2,23,JULY 2019,Doris Bellasis
7,Anabal Teese,Female,25/08/1996,ateese6@etsy.com,London,75 Pleasure Drive,WC1B,+44 (514) 346-0794,The Robert Gordon University,2:2,09,JULY 2019,Fifi Etton
8,Sybila Bragge,Female,07/08/2000,sbragge7@marriott.com,London,199 Basil Lane,WC1B,+44 906 813 9794,University of Sheffield,2:1,23,JULY 2019,Doris Bellasis
9,Donalt Gummoe,Male,25/02/1992,dgummoe8@51.la,Merton,4 Charing Cross Terrace,SW19,+44 (964) 612-7110,University of Essex,2:1,16,JULY 2019,Sunny Sladefield
10,Devon McCracken,Female,28/09/1991,dmccracken9@mac.com,Weston,0635 Dahle Crossing,GU32,+44 (714) 182-9706,The Manchester Metropolitan University,2:1,04,JULY 2019,Gismo Tilling
11,Christian Clowley,Female,14/08/1999,cclowleya@imageshack.us,Leeds,5266 Mesta Road,LS6,,Keele University,2:1,02,JULY 2019,Doris Bellasis
12,Romola Coldtart,Female,08/10/1990,rcoldtartb@umn.edu,Stapleford,8763 Pepper Wood Junction,LN6,+44-297-985-0447,"Warburg Institute, University of London",1st,17,JULY 2019,Rupert Ripple
13,Shea Chasmoor,Female,09/07/1999,schasmoorc@angelfire.com,Halton,1 Meadow Ridge Trail,LS9,+44 (679) 455-7572,Oxford Brookes University,2:2,17,JULY 2019,Rupert Ripple
14,Nora Akers,Female,09/09/1993,nakersd@nih.gov,Sheffield,708 Jackson Avenue,S33,+44 (277) 830-5133,University of Hertfordshire,2:2,24,JULY 2019,Stacey Broad
15,Sander Rewbottom,Male,29/12/1995,srewbottome@cbsnews.com,Edinburgh,8327 Mesta Point,EH9,+44 853 482 4068,University of Greenwich,1st,25,JULY 2019,Doris Bellasis
16,Francklyn Leyninye,Male,15/09/1994,fleyninyef@smh.com.au,Tullich,75783 Maywood Crossing,AB55,+44 (542) 365-2638,University of Kent at Canterbury,1st,24,JULY 2019,Doris Bellasis
17,Julissa Dumbleton,Female,18/02/1996,jdumbletong@netlog.com,Norton,9 Onsgard Lane,NN11,+44 (929) 957-2641,London Institute of Management and Technology,2:2,24,JULY 2019,Rupert Ripple
18,Zacharias Restorick,Male,07/08/2000,zrestorickh@tinypic.com,Newbiggin,341 Golf View Court,NE46,+44-242-433-2790,"King's College London, University of London",2:1,11,JULY 2019,Sunny Sladefield
19,Andriana Uc,Female,,auci@ocn.ne.jp,Weston,2914 Ramsey Hill,GU32,+44-732-931-0071,"Heythrop College, University of London",3rd,02,JULY 2019,Doris Bellasis
20,Franchot Pettko,Male,05/03/1995,fpettkoj@trellian.com,Eaton,753 Everett Drive,DN22,+44-701-363-3463,"Royal Academy of Music, University of London",2:2,,,
21,Grayce Aim,Female,06/10/1999,gaimk@about.com,Bristol,6216 Anthes Junction,BS41,+44 487 267 6450,"Institute of Germanic Studies, University of London",3rd,10,JULY 2019,Bruno Belbrook
22,Benita Enefer,Female,18/09/1998,beneferl@mac.com,Preston,66 Hanson Way,PR1,+44-534-200-7996,Coventry University,2:1,11,JULY 2019,Sunny Sladefield
23,Isacco Teese,Male,25/06/1997,iteesem@angelfire.com,London,8684 Sloan Road,EC1V,+44 (348) 637-3899,University of Lancaster,2:1,02,JULY 2019,Sunny Sladefield
24,Dulcia Burl,Female,12/02/1993,dburln@howstuffworks.com,Buckland,4071 Acker Crossing,CT16,+44 (270) 702-0729,Imperial College London,2:1,,,
25,Farlee Baalham,Male,07/01/1998,fbaalhamo@businessinsider.com,London,42555 Sherman Avenue,WC1B,,University of North London,2:1,16,JULY 2019,Rupert Ripple
26,Sara Bear,Female,16/10/1992,sbearp@github.com,Sheffield,35 Raven Point,S1,,Anglia Ruskin University,2:1,,,
27,Zsa zsa Rounsefull,Female,07/12/1994,zzsaq@wikimedia.org,Dean,85 Lotheville Park,OX7,+44-323-293-9415,,,16,JULY 2019,Doris Bellasis
28,Amanda Minto,,05/01/1995,,Eaton,3270 Blaine Point,DN22,+44 (893) 195-9645,Roehampton University of Surrey,1st,18,JULY 2019,Gismo Tilling
29,Harland Oliveto,Male,05/02/1998,holivetos@ca.gov,Whitwell,83 Loftsgordon Lane,DL10,+44 165 322 6436,"London School of Hygiene & Tropical Medicine, University of London",2:1,,,
30,Annie Ibbotson,Female,29/12/1996,,Newton,7207 Ludington Pass,IV1,,Southampton Solent University,2:1,25,JULY 2019,Sunny Sladefield
31,Roana Sanger,Female,17/03/1997,rsangeru@bravesites.com,Marston,7 Northwestern Terrace,ST20,,Canterbury Christ Church University,3rd,11,JULY 2019,Doris Bellasis
32,Elise Soppeth,Female,21/03/1992,esoppethv@bizjournals.com,Charlton,01958 Mesta Avenue,OX12,+44-562-255-5145,"University of Wales, Lampeter",2:2,24,JULY 2019,Doris Bellasis
33,Betty Lamlin,Female,10/11/1994,blamlinw@yellowbook.com,London,41 Buell Park,EC3M,+44 983 281 9224,Roehampton University of Surrey,2:1,10,JULY 2019,Gismo Tilling
34,Verena Townes,Female,03/10/1999,vtownesx@nbcnews.com,London,13 Dahle Trail,EC3M,+44 (962) 336-9947,Birmingham City University,2:2,16,JULY 2019,Fifi Etton
35,Constance Fellibrand,Female,02/07/1999,cfellibrandy@cornell.edu,London,90433 Carey Way,EC1V,+44 447 725 6862,University of Huddersfield,2:2,09,JULY 2019,Stacey Broad
36,Joannes Yurshev,Female,16/07/1994,jyurshevz@umn.edu,Newport,62 Bunting Plaza,NR29,+44-204-608-0156,William Gilbert College,2:1,18,JULY 2019,Sunny Sladefield
37,Brunhilde Zellick,Female,18/12/1993,bzellick10@dyndns.org,Liverpool,162 Summer Ridge Plaza,L33,+44 653 944 3917,"Heythrop College, University of London",1st,03,JULY 2019,Stacey Broad
38,Shurlock Dutch,Male,04/01/1991,sdutch11@sciencedaily.com,Newton,23894 Milwaukee Parkway,IV1,+44 (304) 949-5268,University of Leicester,2:2,31,JULY 2019,Rupert Ripple
39,Georgena Tchaikovsky,Female,30/05/1990,gtchaikovsky12@usa.gov,Horton,60443 Ronald Regan Parkway,BS37,+44-900-138-2390,London Business School,2:1,30,JULY 2019,Stacey Broad
40,Mathilde Keppin,Female,10/08/1991,mkeppin13@senate.gov,Whitchurch,644 Fordem Way,BS14,+44 (229) 151-5288,University of Reading,1st,02,JULY 2019,Sunny Sladefield
41,Aili Bursnoll,Female,15/10/1991,abursnoll14@pcworld.com,Pentre,805 Utah Way,SY4,+44-213-145-0941,University of York,3rd,30,JULY 2019,Rupert Ripple
42,Domini Norvel,,,dnorvel15@ed.gov,Milton,2 Fallview Point,AB56,+44 (241) 213-2719,"London School of Hygiene & Tropical Medicine, University of London",2:1,25,JULY 2019,Rupert Ripple
43,Kerr Allanson,Male,17/04/1994,kallanson16@usgs.gov,Weston,22 Helena Center,GU32,+44-207-375-2713,,,24,JULY 2019,Doris Bellasis
44,Nola Achrameev,Female,22/09/1994,nachrameev17@ow.ly,Weston,701 Duke Junction,GU32,+44 (633) 399-0900,University of Strathclyde,3rd,,,
45,Valaria Bunton,Female,22/04/1993,,Norton,20230 Heath Trail,NN11,+44 735 285 4417,Stratford College London,2:2,18,JULY 2019,Gismo Tilling
46,Berty Saye,Female,12/06/1990,bsaye19@statcounter.com,Liverpool,2249 Clove Lane,L33,+44-494-529-1918,Liverpool John Moores University,2:1,24,JULY 2019,Sunny Sladefield
47,Eldin Broster,Male,19/10/1996,ebroster1a@blogspot.com,Horton,292 Fairview Road,BS37,+44 208 360 9118,"Institute of Classical Studies, University of London",2:1,17,JULY 2019,Doris Bellasis
48,Vanessa Schimke,Female,06/05/1997,,Langley,98142 Farragut Street,SG4,+44 (911) 159-6914,,,25,JULY 2019,Gismo Tilling
49,Cherrita McGilleghole,Female,21/03/1997,cmcgilleghole1c@reuters.com,Aberdeen,602 Forest Dale Parkway,AB39,+44 880 807 8701,Bournemouth University,2:2,11,JULY 2019,Bruno Bellbrook
50,Gretchen Brazel,Female,,gbrazel1d@ezinearticles.com,Sutton,41 Bunker Hill Place,CT15,+44 940 801 0106,University of Gloucestershire,2:1,,,
51,Ortensia Winscomb,Female,19/10/1994,owinscomb1e@tamu.edu,West End,2485 Blackbird Street,DN36,+44-753-185-3579,University of Exeter,3rd,11,JULY 2019,Doris Bellasis
52,Fleming McMurdo,,16/01/1996,fmcmurdo1f@networkadvertising.org,Newbiggin,0 Pearson Drive,NE46,+44-819-843-9029,University of Reading,1st,09,JULY 2019,Rupert Ripple
53,Brigid Blabber,Female,15/04/1994,bblabber1g@wsj.com,Leeds,7 Grover Pass,LS6,+44 (985) 723-1834,University of St. Andrews,2:1,23,JULY 2019,Bruno Bellbrook
54,Ludvig Grzes,Male,14/09/1992,lgrzes1h@stumbleupon.com,Burnside,27280 Muir Way,EH52,+44-956-714-5982,"Institute of Germanic Studies, University of London",2:1,16,JULY 2019,Rupert Ripple
55,Hurley Collyer,Male,27/11/1999,,Liverpool,252 Shelley Center,L33,+44 (747) 778-9972,University of Abertay Dundee,2:1,24,JULY 2019,Rupert Ripple
56,Kitty Allen,Female,02/06/1995,kallen1j@bigcartel.com,Hatton,502 Oakridge Point,CV35,+44 938 534 3167,Cardiff University,3rd,02,JULY 2019,Doris Bellasis
57,Bary Fendlen,Male,24/10/1995,bfendlen1k@sun.com,Langley,0338 Buhler Center,SG4,+44 (788) 218-3242,"Queen Mary and Westfield College, University of London",1st,18,JULY 2019,Stacey Broad
58,Horten Goble,Male,27/07/1999,hgoble1l@irs.gov,Upton,5185 Melody Place,WF9,+44-757-372-7004,Aga Khan University,3rd,24,JULY 2019,Doris Bellasis
59,Natassia Pawle,Female,21/05/1992,npawle1m@e-recht24.de,Carlton,6 Leroy Park,DL8,+44 917 434 2551,University of Brighton,2:2,03,JULY 2019,Sunny Sladefield
60,Karoly Skates,Female,24/10/1990,kskates1n@qq.com,Wootton,532 Fulton Plaza,NN4,+44 257 852 1973,University of Kent at Canterbury,2:1,16,JULY 2019,Fifi Eton
61,Nickolai Mollison,Male,01/06/2000,nmollison1o@apple.com,Weston,687 Sage Park,GU32,+44 835 216 0726,University of York,2:1,23,JULY 2019,Bruno Bellbrook
62,Albina Alves,Female,10/02/1994,aalves1p@marketwatch.com,Wirral,47 Magdeline Lane,CH48,+44 530 755 0007,Wimbledon School of Art,2:2,02,JULY 2019,Rupert Ripple
63,Evered Giovanizio,Male,08/09/1998,egiovanizio1q@flavors.me,Ashley,9 Hanover Pass,SN13,+44 804 353 3690,Staffordshire University,3rd,04,JULY 2019,Bruno Belbrook
64,Gannie Bellhouse,Male,07/02/1994,gbellhouse1r@cbc.ca,Newtown,3 Transport Circle,RG20,+44-316-122-6288,University of St. Andrews,2:2,,,
65,Michelle Dungee,Female,29/07/1998,mdungee1s@dailymotion.com,Whitchurch,4852 Melrose Hill,BS14,+44 (158) 680-7984,Cranfield University,2:2,11,JULY 2019,Fifi Etton
66,Elliot Yarnley,Male,03/09/1994,eyarnley1t@weather.com,Newport,7 Elgar Lane,NR29,,University of Bedfordshire,2:2,23,JULY 2019,Gismo Tilling
67,Vanessa Gives,Female,25/03/1993,vgives1u@elpais.com,Sheffield,57753 Elmside Way,S33,+44 857 406 6673,Camberwell College of Arts,2:2,30,JULY 2019,Stacey Broad
68,Fremont Oxlee,Male,,,Carlton,01 Lakewood Gardens Trail,DL8,+44 (270) 908-9882,University of East Anglia,2:2,18,JULY 2019,Rupert Ripple
69,Fan Hember,Female,11/09/2000,fhember1w@bandcamp.com,London,34814 Duke Hill,EC3M,+44 (735) 228-1800,University of Exeter,2:1,04,JULY 2019,Gismo Tilling
70,Ulrike Kirvin,Female,19/03/2000,ukirvin1x@cornell.edu,Ashley,5 Clyde Gallagher Junction,SN13,+44 688 624 0587,University of Glasgow,2:1,23,JULY 2019,Gismo Tilling
71,Fee Karpe,Male,20/10/1997,fkarpe1y@bloglovin.com,Upton,46 Mayfield Way,DN21,+44 (452) 509-2632,University of Teesside,2:1,17,JULY 2019,Gismo Tilling
72,Katrine Westley,Female,22/11/2000,kwestley1z@joomla.org,Sutton,6 Eliot Trail,RH5,+44 246 619 3079,Liverpool John Moores University,2:1,24,JULY 2019,Fifi Etton
73,Quill Tompkinson,Male,18/10/1999,qtompkinson20@mayoclinic.com,Sheffield,99 Main Parkway,S33,+44-656-503-6013,University of Northumbria at Newcastle,1st,10,JULY 2019,Rupert Ripple
74,Nissie D'Andrea,,06/08/1995,ndandrea21@1688.com,Halton,79 Eliot Way,LS9,+44 (668) 837-0338,University of Bath,2:2,25,JULY 2019,Bruno Bellbrook
75,Donavon Glazebrook,Male,28/04/1992,dglazebrook22@tiny.cc,Liverpool,1 Memorial Point,L74,+44 (627) 942-3402,University of Westminster,2:1,23,JULY 2019,Fifi Eton
76,Gisele Beetham,Female,22/10/1997,gbeetham23@instagram.com,Newport,32 Fremont Court,NR29,+44-251-453-5710,The Robert Gordon University,2:2,25,JULY 2019,Bruno Bellbrook
77,Hilliard Reinard,Male,12/07/1993,hreinard24@tinyurl.com,Sutton,67 Walton Hill,CT15,+44 (830) 708-8052,University of Bedfordshire,2:1,18,JULY 2019,Doris Bellasis
78,Shanie Deniso,Female,11/07/1997,sdeniso25@un.org,Denton,83 Bellgrove Way,M34,+44-650-770-9416,University of North London,2:1,02,JULY 2019,Gismo Tilling
79,Dynah Whyler,Female,25/03/2000,dwhyler26@economist.com,Newton,38516 7th Crossing,IV1,,Loughborough University,3rd,,,
80,Ira Rathbourne,Male,14/03/1998,irathbourne27@yahoo.co.jp,Belfast,299 Hanover Avenue,BT2,+44-998-110-3063,The Manchester Metropolitan University,2:1,18,JULY 2019,Stacey Broad
81,Gauthier Erricker,Male,07/03/1993,gerricker28@yolasite.com,Twyford,36 Farmco Junction,LE14,+44-750-894-8867,Sheffield Hallam University,2:1,,,
82,Shaun Dowley,Male,17/05/2000,sdowley29@nba.com,Upton,43 Meadow Vale Avenue,DN21,+44-405-379-7724,The Manchester Metropolitan University,2:2,10,JULY 2019,Rupert Ripple
83,Kaylyn Serfati,Female,14/01/1998,kserfati2a@yahoo.com,Linton,977 Lunder Trail,BD23,+44-271-344-8887,London Institute of Management and Technology,2:2,09,JULY 2019,Sunny Sladefield
84,Hartwell Silver,Male,27/12/1990,hsilver2b@businessweek.com,Church End,06353 Pine View Street,N3,+44 499 431 0882,Huron University USA in London,2:2,30,JULY 2019,Fifi Etton
85,Shoshanna Janicek,Female,25/05/1993,sjanicek2c@bizjournals.com,Swindon,91384 Havey Lane,SN1,+44 (432) 172-5715,Glasgow Caledonian University,2:1,18,JULY 2019,Sunny Sladefield
86,INGRID CRADICK,Female,04/02/1992,icradick2d@moonfruit.com,Walton,76513 Loomis Court,CV35,+44 743 981 3048,University of Hull,3rd,24,JULY 2019,Bruno Bellbrook
87,Chevy Pyburn,Male,08/03/1994,,Aberdeen,12345 Veith Parkway,AB39,+44-389-418-5704,Liverpool John Moores University,2:1,02,JULY 2019,Stacey Broad
88,Bertram Esgate,Male,13/04/1994,besgate2f@bandcamp.com,Kinloch,96 Melrose Way,PH43,+44 (155) 128-0309,"Courtauld Institute of Art, University of London",2:1,30,JULY 2019,Fifi Etton
89,Rudolf Ciciotti,Male,08/12/1992,rciciotti2g@smh.com.au,East End,238 Graedel Place,BH21,+44 (752) 253-1965,University of Plymouth,1st,,,
90,Larisa Warrington,Female,29/09/1999,lwarrington2h@yahoo.co.jp,Upton,8516 Maywood Center,DN21,+44-793-143-2910,William Gilbert College,1st,02,JULY 2019,Bruno Bellbrook
91,Bronnie Deverock,Male,10/04/2000,bdeverock2i@nsw.gov.au,Wirral,10143 Drewry Center,CH48,+44 (963) 376-1901,Sheffield Hallam University,2:1,,,
92,Lissa Pumfrett,Female,16/01/1990,lpumfrett2j@mlb.com,Twyford,96201 Kenwood Way,LE14,+44 625 400 5827,Imperial College School of Medicine,2:2,11,JULY 2019,Sunny Sladefield
93,Demetrius Dunbavin,Male,23/01/1995,ddunbavin2k@accuweather.com,Liverpool,27155 Loomis Street,L33,+44 (259) 386-2759,University of Plymouth,3rd,02,JULY 2019,Rupert Ripple
94,Morgen Lilywhite,Male,14/11/1998,mlilywhite2l@paypal.com,Burnside,86410 Vahlen Trail,EH52,+44 687 472 2689,University of Westminster,2:1,09,JULY 2019,Sunny Sladefield
95,Rickard Blakes,Male,03/10/1991,rblakes2m@google.co.uk,Norton,6501 Union Crossing,NN11,+44-600-450-3062,,,09,JULY 2019,Doris Bellasis
96,Ethe Filipczak,Male,12/10/2000,efilipczak2n@narod.ru,Aston,03 Main Pass,TF6,+44 987 321 3923,University of North London,1st,,,
97,Emily Barras,Female,21/08/1996,ebarras2o@zimbio.com,Eaton,881 Lukken Court,DN22,+44-711-836-4549,The American University in London,2:2,30,JULY 2019,Doris Bellasis
98,Tonye Ambrogio,Female,29/01/1997,tambrogio2p@walmart.com,Charlton,88799 Lerdahl Crossing,OX12,+44 (552) 819-8382,"Saint George's Hospital Medical School, University of London",1st,18,JULY 2019,Gismo Tilling
99,Duke Felce,Male,16/04/1999,dfelce2q@loc.gov,Twyford,948 CASCADE PLAZA,LE14,+44 (341) 217-5097,University of Buckingham,2:1,09,JULY 2019,Rupert Ripple
100,Alysia Holston,Female,21/04/1999,aholston2r@dailymotion.com,Weston,89 Eastlawn Plaza,GU32,+44-416-402-3266,University of Northampton,2:2,,,
101,Robers Gentner,Male,07/07/1991,rgentner2s@squarespace.com,London,74 Lighthouse Bay Plaza,W1F,+44 518 995 8647,University of Bath,3rd,09,JULY 2019,Fifi Etton
102,Jules Malkie,Male,22/05/2000,jmalkie2t@noaa.gov,Kingston,212 Milwaukee Street,DT10,+44-302-425-0294,University of Sheffield,1st,,,
103,Dionis Leve,Female,29/11/1996,dleve2u@google.com.hk,Preston,09 Comanche Junction,PR1,+44 995 633 3742,"University of Wales, Lampeter",2:1,,,
104,Kellyann Yorkston,Female,06/10/1992,kyorkston2v@ebay.com,Carlton,97745 Mifflin Park,DL8,+44 530 997 9279,Aston University,3rd,16,JULY 2019,Rupert Ripple
105,Olly Mougenel,Male,10/11/2000,omougenel2w@latimes.com,London,315 Garrison Trail,EC1V,,Loughborough University,2:2,16,JULY 2019,Stacey Broad
106,Merrill McKie,Female,19/10/2000,mmckie2x@fema.gov,Ashley,23 Clemons Road,SN13,+44-266-445-5077,Liverpool Hope University College,3rd,23,JULY 2019,Fifi Eton
107,Kass Castellan,Female,18/09/1993,kcastellan2y@alexa.com,Seaton,7 Pawling Court,LE15,+44-670-180-2974,Leeds Metropolitan University,1st,03,JULY 2019,Bruno Bellbrook
108,Isidora Englefield,Female,28/11/1996,ienglefield2z@arizona.edu,Marston,8821 Golden Leaf Road,ST20,+44-168-810-5514,"Saint George's Hospital Medical School, University of London",2:1,30,JULY 2019,Gismo Tilling
109,Marlon Reside,Male,05/06/1991,mreside30@telegraph.co.uk,Marston,11767 Hermina Trail,ST20,+44 166 290 6115,Cranfield University,2:1,30,JULY 2019,Bruno Bellbrook
110,Barty Huddleston,Male,18/04/1999,bhuddleston31@nature.com,Thorpe,5042 Troy Circle,BD23,+44-798-647-6458,University Campus Suffolk,2:1,,,
111,Oswald Lyndon,Male,11/05/1991,olyndon32@wix.com,Ford,4 Golf View Park,GL54,+44-420-411-5466,University of Glamorgan,2:2,10,JULY 2019,Doris Bellasis
112,Alan Hallewell,Male,22/09/1992,ahallewell33@hc360.com,Wirral,18 Thackeray Place,CH48,+44 (131) 159-7174,Aga Khan University,2:1,16,JULY 2019,Rupert Ripple
113,Arty Indruch,Male,20/12/1991,aindruch34@dmoz.org,Aberdeen,4649 Caliangt Drive,AB39,+44-660-786-2933,University of Essex,3rd,02,JULY 2019,Stacey Broad
114,Sharl Shambrooke,Female,11/02/1990,sshambrooke35@berkeley.edu,Newton,63685 Melody Pass,IV1,+44 (648) 609-2334,Falmouth University,2:1,04,JULY 2019,Bruno Bellbrook
115,Antonius Heape,Male,18/07/1993,aheape36@seattletimes.com,Linton,5 Birchwood Hill,BD23,+44 (501) 743-7891,Imperial College London,2:1,17,JULY 2019,Doris Bellasis
116,Rad Bench,Male,29/01/1998,rbench37@cbslocal.com,Halton,2 Dorton Pass,LS9,+44-641-951-0531,University of Hertfordshire,2:2,17,JULY 2019,Bruno Bellbrook
117,Agace O'Shields,Female,28/09/1996,aoshields38@upenn.edu,Sutton,4867 Lakeland Crossing,RH5,+44-255-978-7475,,,30,JULY 2019,Sunny Sladefield
118,Mela Burgill,Female,20/03/1994,mburgill39@buzzfeed.com,Norton,318 International Hill,S8,+44 370 203 8163,Swansea Metropolitan University,2:1,09,JULY 2019,Doris Bellasis
119,Justis Gilham,Male,21/08/1999,jgilham3a@mayoclinic.com,Halton,19 Warbler Plaza,LS9,+44-133-781-0086,Royal Holloway and Bedford New College,2:2,25,JULY 2019,Stacey Broad
120,Anita Gillott,Female,20/10/1995,agillott3b@odnoklassniki.ru,Sutton,51 Magdeline Street,CT15,+44 827 170 3868,University of Exeter,2:2,,,
121,Valery Delia,Female,12/06/1997,vdelia3c@imgur.com,London,7538 Village Green Street,WC1B,+44 859 226 1703,Kingston University,2:2,24,JULY 2019,Doris Bellasis
122,Kylie Cordell,Female,14/03/1992,kcordell3d@qq.com,Brampton,450 Elmside Drive,NR34,+44 151 894 8686,Kingston University,2:2,18,JULY 2019,Stacey Broad
123,EMMETT STOGILL,Male,21/06/1992,estogill3e@twitter.com,Edinburgh,5 Del Mar Terrace,EH9,+44 (138) 993-0334,"University of Wales, Lampeter",2:2,17,JULY 2019,Fifi Etton
124,Julianne Neagle,Female,06/08/1997,jneagle3f@liveinternet.ru,,,,,International Colleges of Islamic Science,2:2,09,JULY 2019,Stacey Broad
125,Cobbie Wolfinger,Male,01/08/1994,cwolfinger3g@facebook.com,Twyford,987 Butternut Alley,LE14,,ifs University College,2:1,30,JULY 2019,Sunny Sladefield
126,Blondy Fearnall,Female,26/06/1998,bfearnall3h@odnoklassniki.ru,Weston,7 Montana Parkway,GU32,+44 (694) 813-4993,University of Edinburgh,2:2,04,JULY 2019,Doris Bellasis
127,Bowie Endersby,Male,11/12/1991,bendersby3i@comsenz.com,Horton,27 Jay Park,BS37,+44 (408) 188-4799,Anglia Ruskin University,3rd,16,JULY 2019,Bruno Bellbrook
128,Stanwood Heimann,Male,05/06/1999,sheimann3j@cocolog-nifty.com,Birmingham,03684 Wayridge Center,B40,+44 (948) 405-1625,University of Northampton,2:1,10,JULY 2019,Gismo Tilling
129,Andrey Cochran,Male,11/03/1996,acochran3k@shutterfly.com,Aston,1 Esch Way,TF6,+44-835-209-5557,Sheffield Hallam University,1st,24,JULY 2019,Bruno Bellbrook
130,Darcy Dowbakin,Male,07/10/2000,ddowbakin3l@opera.com,Newtown,58 Fisk Center,RG20,+44-478-820-8280,University of Leicester,2:1,02,JULY 2019,Doris Bellasis
131,Erina Stockau,Female,05/03/1991,estockau3m@narod.ru,London,417 Sachtjen Way,WC2H,+44 162 128 3585,"Institue of Historical Research, University of London",2:1,16,JULY 2019,Fifi Etton
132,Honey O'Gorman,Female,19/09/1997,hogorman3n@dedecms.com,Linton,628 Graceland Junction,BD23,+44-803-546-7694,Swansea Metropolitan University,2:2,,,
133,Haroun Dowber,Male,21/02/2000,hdowber3o@a8.net,Preston,52962 Doe Crossing Trail,PR1,+44 644 432 5853,University of Lincoln,2:1,04,JULY 2019,Gismo Tilling
134,Winfred Gavozzi,Male,11/12/1992,wgavozzi3p@cyberchimps.com,London,7 Fremont Crossing,EC3M,+44-209-555-9122,University of Wales College of Medicine,1st,,,
135,Michelle Glasson,Female,17/08/1991,mglasson3q@dot.gov,London,28 Jackson Terrace,WC2H,+44-849-146-9032,"Warburg Institute, University of London",2:1,09,JULY 2019,Gismo Tilling
136,Ruthie Kinvig,Female,21/05/2000,rkinvig3r@w3.org,Newtown,362 Hermina Road,RG20,,The Manchester Metropolitan University,2:1,10,JULY 2019,Fifi Eton
137,Letizia McKern,Female,28/12/2000,lmckern3s@sfgate.com,London,74366 Luster Trail,EC1V,+44 (786) 945-9087,Swansea Metropolitan University,3rd,04,JULY 2019,Doris Bellasis
138,Cathe Stodhart,Female,15/07/1996,cstodhart3t@nasa.gov,Buckland,091 Packers Street,CT16,+44-445-271-8626,Newport International University,2:1,,,
139,Fons Ghiotto,Male,19/04/1995,fghiotto3u@examiner.com,Buckland,32162 Stoughton Parkway,CT16,,University of Portsmouth,2:1,16,JULY 2019,Stacey Broad
140,Sal Inglesent,Male,08/06/1990,,Tullich,3 Kings Avenue,AB55,+44 384 476 6943,Nottingham Trent University,2:1,04,JULY 2019,Sunny Sladefield
141,Sela Pavese,Female,25/11/1992,spavese3w@washington.edu,Leeds,8398 7th Junction,LS6,+44-338-951-2707,"University of the West of England, Bristol",2:1,25,JULY 2019,Fifi Eton
142,Cornell Duguid,Male,18/11/2000,cduguid3x@people.com.cn,Ford,164 Judy Terrace,GL54,+44 (188) 400-2302,University of Sussex,1st,,,
143,Bryanty Brosnan,Male,15/10/1994,bbrosnan3y@shinystat.com,Aberdeen,491 Monica Hill,AB39,+44 (622) 413-5957,Glasgow Caledonian University,2:2,24,JULY 2019,Rupert Ripple
144,Aldrich Whitehall,Male,30/04/1991,awhitehall3z@bizjournals.com,Liverpool,415 Holmberg Parkway,L74,+44 422 654 5812,Leeds Metropolitan University,2:2,18,JULY 2019,Rupert Ripple
145,Alison Tett,Female,10/11/1995,,Church End,6 Hermina Court,CB4,+44-987-297-0319,University of Lancaster,2:2,10,JULY 2019,Gismo Tilling
146,Gabi Ivins,Male,03/07/1990,givins41@dot.gov,London,153 David Place,EC1V,,Imperial College London,2:2,04,JULY 2019,Fifi Eton
147,Noe Fortnam,Male,23/01/1998,nfortnam42@toplist.cz,Walton,89362 Becker Court,CV35,+44-363-373-4212,"University of Wales Institute, Cardiff",2:1,09,JULY 2019,Stacey Broad
148,Ronny Vasilchenko,Male,,rvasilchenko43@youku.com,Charlton,320 Utah Court,OX12,+44 150 580 0553,Newport International University,2:1,23,JULY 2019,Doris Bellasis
149,Blair Woollhead,Female,,bwoollhead44@163.com,Birmingham,037 Declaration Avenue,B40,+44-466-942-4383,"United Medical and Dental Schools, University of London",2:2,18,JULY 2019,Rupert Ripple
150,Kirby Minter,Male,09/04/1995,kminter45@gnu.org,Marston,8163 Evergreen Point,ST20,+44-477-167-2897,University of Nottingham,2:1,30,JULY 2019,Stacey Broad
151,Henrieta Chatto,Female,26/12/1990,hchatto46@abc.net.au,Bristol,4319 Forest Run Plaza,BS41,+44 (218) 182-2329,University of Birmingham,1st,04,JULY 2019,Stacey Broad
152,Roxie Glasby,Female,30/04/1998,rglasby47@bizjournals.com,,,,+44 560 796 7214,Cardiff University,2:1,17,JULY 2019,Doris Bellasis
153,Martin Olyfant,Male,16/05/1998,molyfant48@npr.org,London,688 Katie Crossing,WC1B,+44 856 478 7247,"University of Wales, Newport",2:1,09,JULY 2019,Rupert Ripple
154,Eba Gary,Female,15/03/1991,egary49@t.co,Ashley,923 Sullivan Parkway,SN13,+44-710-910-8732,University of Edinburgh,2:1,02,JULY 2019,Doris Bellasis
155,Marcela Riding,Female,23/06/1992,mriding4a@wikispaces.com,Seaton,260 Del Mar Park,LE15,+44 (118) 313-3772,Birmingham City University,3rd,25,JULY 2019,Stacey Broad
156,Hewet Derwin,Male,09/10/1999,hderwin4b@blogtalkradio.com,Ford,89839 Mccormick Street,GL54,+44 (568) 945-4920,Wimbledon School of Art,2:1,11,JULY 2019,Rupert Ripple
157,Demetria O' Sullivan,Female,01/10/1997,do4c@shareasale.com,Birmingham,463 Kenwood Avenue,B12,+44-394-863-1356,London College of Science & Technology,2:1,18,JULY 2019,Bruno Belbrook
158,Selby Tills,Male,15/12/1995,stills4d@xinhuanet.com,Norton,50181 Talmadge Avenue,S8,+44 757 944 5339,,,09,JULY 2019,Doris Bellasis
159,Steffen Marcombe,Male,16/08/2000,smarcombe4e@privacy.gov.au,Tullich,10657 Clarendon Place,AB55,+44 (452) 771-0162,University of Bolton,2:2,04,JULY 2019,Doris Bellasis
160,Aguste Tann,Male,22/12/1992,atann4f@ucsd.edu,London,0602 Memorial Trail,WC1B,+44 (621) 744-0041,Middlesex University,2:2,30,JULY 2019,Sunny Sladefield
161,Thedrick Chastagnier,Male,10/06/1993,tchastagnier4g@epa.gov,Edinburgh,54 Elgar Junction,EH9,+44 (880) 411-4882,,,25,JULY 2019,Stacey Broad
162,D'ARCY BOVER,Male,09/05/1996,dbover4h@netscape.com,Norton,99 CAREY STREET,S8,+44 (860) 381-8596,University of Bradford,2:1,02,JULY 2019,Fifi Eton
163,Emelen Romera,Male,18/04/1997,eromera4i@washington.edu,Newton,08935 Calypso Parkway,IV1,+44 315 661 4595,London College of Science & Technology,2:1,25,JULY 2019,Sunny Sladefield
164,Care Oattes,Male,08/07/1991,coattes4j@shop-pro.jp,Milton,393 Myrtle Park,AB56,+44 841 388 0669,"Royal Free Hospital School of Medicine, University of London",2:2,10,JULY 2019,Doris Bellasis
165,Chadd Klampt,Male,17/06/1995,cklampt4k@deviantart.com,,,,+44 608 427 1368,University of Essex,1st,03,JULY 2019,Fifi Etton
166,Pren Varcoe,Male,25/08/1996,pvarcoe4l@amazon.de,London,829 Waywood Avenue,WC2H,+44-971-794-8285,London Metropolitan University,2:1,30,JULY 2019,Fifi Eton
167,Abraham Rockell,Male,,arockell4m@ask.com,Pentre,90 Lukken Parkway,SY4,+44 (312) 394-1892,Coventry University,2:1,02,JULY 2019,Gismo Tilling
168,Laurette Hembling,Female,,lhembling4n@bloomberg.com,Eaton,6 Cody Way,DN22,+44 (989) 212-4600,University of North London,2:1,09,JULY 2019,Rupert Ripple
169,Karlis Bottle,Male,04/08/2000,kbottle4o@google.cn,Swindon,80 Bashford Terrace,SN1,,University of Cambridge,2:1,18,JULY 2019,Bruno Bellbrook
170,Wilhelm Jouanet,Male,03/08/1996,wjouanet4p@newsvine.com,Birmingham,03974 Pennsylvania Alley,B40,+44 (590) 442-9572,University of Cambridge,2:1,11,JULY 2019,Doris Bellasis
171,Peterus Bartolomeazzi,Male,03/05/1999,pbartolomeazzi4q@cam.ac.uk,Kirkton,93 Mallory Terrace,KW10,+44 (401) 799-8565,University of Chester,3rd,25,JULY 2019,Sunny Sladefield
172,Bari Streatfield,Female,15/11/1995,bstreatfield4r@wikispaces.com,Bradford,02 Marcy Street,BD7,+44 (626) 998-6108,"Royal Academy of Music, University of London",2:2,11,JULY 2019,Rupert Ripple
173,Abeu Knightsbridge,Male,27/08/1996,aknightsbridge4s@rambler.ru,Walton,11466 Dorton Plaza,CV35,+44-775-127-3336,Open University,2:1,03,JULY 2019,Rupert Ripple
174,Trip Rhys,Male,05/04/1990,trhys4t@edublogs.org,Newton,405 Forster Circle,NG34,+44 (460) 996-2272,Napier University,1st,,,
175,Teriann Matyashev,Female,15/03/1995,tmatyashev4u@51.la,Eaton,5 Maple Wood Lane,DN22,+44 986 444 2774,University of Hertfordshire,2:1,04,JULY 2019,Doris Bellasis
176,Uriel Eidelman,Male,22/02/1991,ueidelman4v@abc.net.au,Marston,33704 Fairfield Circle,ST20,+44 (576) 698-8388,University of Exeter,2:1,10,JULY 2019,Gismo Tilling
177,Toddie Rubanenko,Male,16/02/1992,trubanenko4w@comcast.net,Bristol,90798 Pond Way,BS41,,Bournemouth University,1st,03,JULY 2019,Sunny Sladefield
178,Kalie Leadbeatter,Female,01/12/1998,kleadbeatter4x@privacy.gov.au,Manchester,8088 Farmco Alley,M14,+44-160-394-4931,Stratford College London,3rd,18,JULY 2019,Fifi Eton
179,Drake Northcote,Male,10/01/1994,dnorthcote4y@geocities.jp,London,90092 Debs Drive,EC3M,+44 782 867 2088,"Institute of Classical Studies, University of London",3rd,10,JULY 2019,Rupert Ripple
180,Engracia Andriolli,Female,13/08/1991,eandriolli4z@macromedia.com,,,,+44 722 817 1900,University of Hertfordshire,2:1,30,JULY 2019,Doris Bellasis
181,Cristina Finlan,Female,30/09/1994,cfinlan50@unicef.org,Langley,527 West Terrace,SG4,+44 (964) 431-3624,"Institute of Classical Studies, University of London",2:1,31,JULY 2019,Fifi Eton
182,Rodge Garlick,Male,19/11/1994,rgarlick51@storify.com,Pentre,68 Northfield Trail,SY4,+44 572 130 5936,"School of Pharmacy, University of London",3rd,30,JULY 2019,Bruno Bellbrook
183,Markos Walter,Male,15/02/1997,mwalter52@cbsnews.com,Sutton,28 Dottie Junction,RH5,+44 (940) 827-9273,University of Brighton,2:1,16,JULY 2019,Rupert Ripple
184,Gwenneth Capozzi,Female,29/09/1993,gcapozzi53@wordpress.org,Upton,600 Cherokee Terrace,DN21,+44-395-987-9528,University of East London,2:2,,,
185,Ofilia Keizman,Female,26/02/1992,okeizman54@naver.com,Kirkton,9 CHEROKEE TRAIL,KW10,+44 (181) 383-7135,University of Glasgow,3rd,17,JULY 2019,Rupert Ripple
186,Chev Spillane,,29/04/1992,cspillane55@telegraph.co.uk,Leeds,8 Tony Road,LS6,,"London School of Economics and Political Science, University of London",2:2,02,JULY 2019,Rupert Ripple
187,Beauregard Cornehl,Male,10/11/1997,bcornehl56@infoseek.co.jp,Eaton,0815 Chinook Street,DN22,+44-797-564-0619,William Gilbert College,2:1,02,JULY 2019,Fifi Eton
188,Barclay Morter,Male,18/01/2000,bmorter57@joomla.org,Edinburgh,15831 Kipling Place,EH9,+44 (906) 994-8181,"London School of Hygiene & Tropical Medicine, University of London",2:1,30,JULY 2019,Rupert Ripple
189,Clary Hertwell,Female,14/03/1994,chertwell58@state.gov,Preston,47391 Pine View Way,PR1,+44-252-917-0715,Richmond University - The American International University in London,1st,30,JULY 2019,Rupert Ripple
190,Nicole Brinded,Female,23/04/1996,nbrinded59@narod.ru,Tullich,4 Portage Hill,AB55,+44 440 295 7730,Stratford College London,2:2,,,
191,Alex Peascod,Female,09/10/1993,apeascod5a@sina.com.cn,Normanton,89100 Vermont Pass,LE15,+44-987-291-2476,European School of Economics,2:2,17,JULY 2019,Fifi Eton
192,Jessy Dollman,Female,07/01/1998,jdollman5b@canalblog.com,Norton,4083 Corscot Center,S8,+44 524 700 5589,Trinity College Carmarthen,2:1,09,JULY 2019,Gismo Tilling
193,Sibyl Gilardi,Male,10/12/1995,sgilardi5c@vk.com,Sutton,45 Scott Crossing,CT15,+44 (992) 838-5443,Leeds Metropolitan University,1st,03,JULY 2019,Bruno Bellbrook
194,Haywood Teager,,06/06/1997,hteager5d@google.nl,Newtown,504 Commercial Point,RG20,+44 (119) 759-7974,University of Dundee,2:1,03,JULY 2019,Fifi Eton
195,Doretta Henner,Female,10/06/1994,dhenner5e@miibeian.gov.cn,Whitchurch,08 Annamark Road,BS14,+44-259-185-9464,Liverpool Hope University College,1st,18,JULY 2019,Gismo Tilling
196,Niall Graine,Male,04/11/1997,,London,1201 Garrison Hill,SW1E,+44-681-222-3559,University of Plymouth,2:1,04,JULY 2019,Stacey Broad
197,Karel Toulamain,Female,16/12/1994,ktoulamain5g@g.co,Belfast,222 Victoria Hill,BT2,+44 240 282 2482,University of Leicester,3rd,10,JULY 2019,Gismo Tilling
198,Iosep Idle,Male,02/08/1998,iidle5h@google.cn,Wootton,5 Dunning Avenue,NN4,+44 (973) 163-3352,"School of Oriental and African Studies, University of London",1st,03,JULY 2019,Sunny Sladefield
199,Duky Shailer,Male,12/07/1993,dshailer5i@yale.edu,Sutton,09 Loomis Road,CT15,+44 (493) 187-1952,Trinity College of Music,2:2,02,JULY 2019,Sunny Sladefield
200,Christie Blincoe,Male,16/06/1996,cblincoe5j@newsvine.com,Linton,71293 Golden Leaf Circle,BD23,+44 367 718 9825,The Queen's University Belfast,3rd,31,JULY 2019,Doris Bellasis
201,Rik Waren,Male,11/01/1996,rwaren5k@wunderground.com,Sheffield,7350 Riverside Street,S1,,University of Hertfordshire,2:1,11,JULY 2019,Fifi Etton
202,Zelda Prestage,Female,20/06/1993,zprestage5l@123-reg.co.uk,Sheffield,6 Saint Paul Trail,S1,+44 333 833 6745,University of Sunderland,2:2,10,JULY 2019,Doris Bellasis
203,Dannel Longmaid,Male,13/03/1999,dlongmaid5m@indiegogo.com,London,980 Corben Terrace,WC1B,+44 (726) 258-9413,University of Durham,2:2,18,JULY 2019,Fifi Etton
204,Ira Grima,Female,03/09/1991,igrima5n@pen.io,Kingston,5 Artisan Parkway,DT10,+44 759 588 6006,Warnborough University,2:1,25,JULY 2019,Rupert Ripple
205,Vivyan Robuchon,Female,02/05/1994,vrobuchon5o@privacy.gov.au,Newport,77 Lukken Road,NR29,+44-802-819-5501,University of Brighton,3rd,11,JULY 2019,Stacey Broad
206,Lamond Biddlestone,Male,11/02/1991,lbiddlestone5p@archive.org,Manchester,0 Fairfield Lane,M14,+44 811 900 2548,International Colleges of Islamic Science,1st,,,
207,Ivie Shaudfurth,Female,23/09/1991,ishaudfurth5q@wp.com,Brampton,33 Lindbergh Street,NR34,+44 378 597 4007,"Royal Academy of Music, University of London",2:2,03,JULY 2019,Gismo Tilling
208,Gardner Estick,Male,03/08/1991,gestick5r@is.gd,Hatton,70574 Talisman Park,CV35,+44 822 329 0572,"School of Oriental and African Studies, University of London",2:1,31,JULY 2019,Bruno Bellbrook
209,Darin Healing,Male,21/03/1997,dhealing5s@zdnet.com,,,,+44 479 241 9666,"University College London, University of London",2:2,04,JULY 2019,Gismo Tilling
210,Teena Priel,Female,22/06/1993,tpriel5t@europa.eu,London,742 Moulton Center,EC3M,+44-951-229-4297,"University of Wales, Bangor",2:2,18,JULY 2019,Rupert Ripple
211,Katinka Tyt,Female,05/08/1996,ktyt5u@imageshack.us,Langley,2270 Truax Terrace,SG4,,London Business School,2:1,18,JULY 2019,Fifi Etton
212,Maxy Bensen,Male,29/03/1997,mbensen5v@reverbnation.com,Bradford,256 Lake View Hill,BD7,+44 436 214 6707,,,18,JULY 2019,Doris Bellasis
213,Donnie Sandwick,Male,12/02/1991,dsandwick5w@chronoengine.com,Edinburgh,5651 Valley Edge Plaza,EH9,+44 350 868 9734,University of Dundee,2:2,04,JULY 2019,Rupert Ripple
214,Natasha Christol,Female,20/07/1994,nchristol5x@springer.com,Sutton,24420 Mockingbird Park,RH5,+44-883-342-5220,International Colleges of Islamic Science,3rd,31,JULY 2019,Fifi Etton
215,Dana Oldershaw,Female,02/06/1995,doldershaw5y@nbcnews.com,Seaton,472 Express Way,LE15,,The American University in London,2:2,11,JULY 2019,Sunny Sladefield
216,Scarlett Roarty,Female,06/10/1991,sroarty5z@unesco.org,Burnside,66 Marcy Drive,EH52,+44 218 370 3618,University of Durham,2:2,23,JULY 2019,Doris Bellasis
217,Hurlee Hesey,Male,17/08/1995,hhesey60@cbc.ca,Horton,3289 Harbort Pass,BS37,+44 641 935 8641,Trinity College Carmarthen,2:2,25,JULY 2019,Sunny Sladefield
218,Yehudit Killingbeck,Male,14/08/1999,ykillingbeck61@baidu.com,Leeds,95784 Gerald Avenue,LS6,+44 (803) 442-5448,University of Greenwich,2:1,30,JULY 2019,Gismo Tilling
219,Whitman Ponter,Male,16/01/1993,wponter62@google.com,Hatton,67 Ryan Circle,CV35,+44-166-471-6675,University of North London,2:1,11,JULY 2019,Rupert Ripple
220,Riannon Baraclough,Female,02/04/1992,rbaraclough63@cbsnews.com,Middleton,49511 Crescent Oaks Hill,LE16,+44-668-241-3146,"Warburg Institute, University of London",2:1,31,JULY 2019,Stacey Broad
221,Shay Obee,Male,28/05/1994,sobee64@tinyurl.com,Swindon,4 Sycamore Avenue,SN1,+44 (228) 456-1442,Brunel University Uxbridge,2:1,11,JULY 2019,Rupert Ripple
222,Collete Causbey,Female,01/05/1997,ccausbey65@mapy.cz,Milton,62279 Armistice Way,AB56,+44-247-624-6162,"University of Wales, Aberystwyth",2:1,03,JULY 2019,Fifi Etton
223,Tallia Rushford,Female,14/04/1999,trushford66@shop-pro.jp,Church End,99 Victoria Point,CB4,+44 (973) 674-0599,University of Paisley,2:1,31,JULY 2019,Fifi Eton
224,Starlin Rackstraw,Female,11/04/1998,srackstraw67@github.io,Linton,2 Corry Pass,BD23,+44 (568) 100-4200,University of Buckingham,1st,09,JULY 2019,Sunny Sladefield
225,Sondra Waberer,Female,23/12/1997,swaberer68@icq.com,Walton,70 Menomonie Drive,CV35,+44 288 649 0249,"Schiller International University, London",2:1,09,JULY 2019,Rupert Ripple
226,Angelica Neissen,Female,26/02/1993,aneissen69@europa.eu,Preston,50 Golden Leaf Crossing,PR1,+44-290-882-7048,Liverpool Hope University College,2:1,31,JULY 2019,Sunny Sladefield
227,Lowrance Brach,Male,18/01/1998,lbrach6a@va.gov,Edinburgh,32 Towne Junction,EH9,+44-519-657-7816,University of Glamorgan,3rd,03,JULY 2019,Fifi Eton
228,Virgilio Duddy,Male,,vduddy6b@nih.gov,Sutton,7372 New Castle Plaza,RH5,+44 937 748 0044,European School of Economics,2:1,24,JULY 2019,Stacey Broad
229,Merwyn Gossop,Male,13/11/1997,mgossop6c@cbsnews.com,Bristol,49183 Meadow Ridge Court,BS41,+44-728-205-2639,American InterContinental University - London,3rd,18,JULY 2019,Doris Bellasis
230,Luca Gokes,Male,04/05/2000,lgokes6d@xrea.com,Sutton,13 Bartelt Plaza,CT15,+44 (375) 641-1743,Glasgow Caledonian University,2:1,09,JULY 2019,Rupert Ripple
231,Cirillo Dudman,,13/02/1995,cdudman6e@barnesandnoble.com,East End,66626 Lillian Alley,BH21,+44-426-129-4693,"Warburg Institute, University of London",2:1,,,
232,Judon Henze,Male,20/01/1998,jhenze6f@indiatimes.com,,,,+44 252 941 2498,University of Bolton,2:2,10,JULY 2019,Fifi Eton
233,Ingmar Kettlesting,Male,15/06/1997,ikettlesting6g@harvard.edu,Middleton,854 Paget Street,LE16,+44-653-141-3157,University of East Anglia,3rd,09,JULY 2019,Gismo Tilling
234,Mirilla Bottinelli,Female,08/04/1990,mbottinelli6h@bluehost.com,Linton,80526 Hermina Lane,BD23,+44-879-202-3363,City University,2:1,16,JULY 2019,Rupert Ripple
235,Cordie Duckering,Female,26/12/1994,cduckering6i@princeton.edu,Leeds,9968 Spaight Hill,LS6,+44 887 700 3284,"Schiller International University, London",2:2,25,JULY 2019,Bruno Bellbrook
236,Dorian Hamshar,,25/10/1993,dhamshar6j@cnn.com,Milton,9 Monument Street,NG22,+44 (158) 208-7466,London School of Jewish Studies,3rd,09,JULY 2019,Rupert Ripple
237,Anet Satterley,Female,15/11/1996,asatterley6k@paginegialle.it,Swindon,03446 Graedel Center,SN1,+44 371 852 5293,Bournemouth University,1st,30,JULY 2019,Gismo Tilling
238,Stanislaus Sendley,Male,24/04/1998,ssendley6l@instagram.com,Horton,1319 Holmberg Place,BS37,+44 583 594 6636,University of East London,2:1,30,JULY 2019,Stacey Broad
239,Patrizia Wyre,Female,17/02/1996,pwyre6m@pinterest.com,Edinburgh,562 Del Mar Alley,EH9,+44 798 725 6003,Newport International University,2:1,17,JULY 2019,Gismo Tilling
240,Isidro de Castelain,Male,23/01/1995,,Norton,8374 Maryland Street,NN11,+44 (606) 640-3268,European School of Economics,2:1,,,
241,Wendel Dargie,Male,07/03/1992,wdargie6o@google.com.br,Horton,79 Manitowish Road,BS37,+44-681-595-9605,Imperial College School of Medicine,2:2,03,JULY 2019,Bruno Belbrook
242,Rodolfo Garret,Male,14/08/1996,rgarret6p@google.ru,London,2 Elgar Lane,WC2H,+44-366-563-9337,University of Bedfordshire,2:2,16,JULY 2019,Sunny Sladefield
243,Waverley Deacock,Male,13/05/1994,wdeacock6q@state.gov,Birmingham,63 Village Alley,B40,+44 (877) 648-8137,University of Surrey,2:1,02,JULY 2019,Stacey Broad
244,Jeffry Cockman,Male,02/04/1990,jcockman6r@vkontakte.ru,Sutton,77 Garrison Court,CT15,+44 (930) 262-0322,"Institute of Commonwealth Studies, University of London",2:2,25,JULY 2019,Stacey Broad
245,Deedee Wardlow,Female,17/10/1991,dwardlow6s@cocolog-nifty.com,Newton,0 Grim Hill,IV1,+44 151 841 8178,"United Medical and Dental Schools, University of London",1st,09,JULY 2019,Sunny Sladefield
246,Langston Adamski,Male,17/04/1994,ladamski6t@storify.com,Newtown,80 Stone Corner Point,RG20,+44 (347) 589-2860,Buckinghamshire New University,2:1,31,JULY 2019,Rupert Ripple
247,Patton Achurch,Male,22/11/1996,pachurch6u@about.me,Newtown,75482 Kings Plaza,RG20,+44 (554) 977-2105,"University of Wales, Aberystwyth",1st,,,
248,TONY ERSKINE SANDYS,Female,05/12/2000,terskine6v@blogspot.com,Upton,935 Corben Terrace,WF9,+44-372-411-8939,Cardiff University,2:2,,,
249,Annabela Brackenridge,Female,10/04/1993,abrackenridge6w@yellowpages.com,London,29 Maple Wood Street,WC2H,+44 644 538 2012,Swansea Metropolitan University,3rd,23,JULY 2019,Bruno Bellbrook
250,Harald Mabson,Male,23/06/1999,hmabson6x@icio.us,Whitchurch,18 Sutherland Park,BS14,+44-731-528-3619,,,03,JULY 2019,Gismo Tilling
251,Tiena Plumridge,Female,28/01/1997,tplumridge6y@blogspot.com,Marston,597 Vernon Plaza,ST20,+44 525 859 6675,University of Wolverhampton,2:1,,,
252,Amerigo Heys,Male,03/11/1998,aheys6z@cargocollective.com,Linton,74 Drewry Hill,BD23,+44 (145) 293-8849,University of Southampton,2:1,31,JULY 2019,Sunny Sladefield
253,Sorcha Argue,Female,11/06/1991,sargue70@nyu.edu,Thorpe,73 Walton Avenue,BD23,+44-514-435-2360,University of Bristol,2:1,02,JULY 2019,Sunny Sladefield
254,Fayette Vatini,Female,06/07/1998,fvatini71@simplemachines.org,Seaton,67178 Jay Plaza,LE15,+44 (145) 259-1609,"Schiller International University, London",2:2,11,JULY 2019,Doris Bellasis
255,Miguelita Smedley,Female,27/10/1993,,Norton,847 Division Circle,NN11,+44 159 749 3518,Aga Khan University,1st,10,JULY 2019,Fifi Etton
256,Weylin Comolli,Male,14/04/1997,wcomolli73@army.mil,London,84 Ohio Drive,W1F,+44-780-848-5895,University of Glamorgan,2:2,10,JULY 2019,Stacey Broad
257,Raimondo Mellodey,,08/03/1996,rmellodey74@aboutads.info,London,325 Fair Oaks Junction,EC3M,+44 (291) 587-7326,Middlesex University,2:2,24,JULY 2019,Gismo Tilling
258,Courtnay Duiged,Female,,cduiged75@printfriendly.com,Kingston,5 Springs Crossing,DT10,,William Gilbert College,3rd,17,JULY 2019,Fifi Etton
259,Sarena Weatherill,Female,13/08/2000,sweatherill76@cornell.edu,Brampton,60 Meadow Valley Alley,NR34,+44 950 340 6754,University of Essex,2:1,17,JULY 2019,Sunny Sladefield
260,Celina Polley,Female,,cpolley77@nature.com,Denton,827 Delaware Hill,M34,+44 (768) 387-3786,University of Worcester,3rd,18,JULY 2019,Gismo Tilling
261,Cynthia Fosdike,Female,25/09/1992,cfosdike78@newyorker.com,Sutton,0154 Dennis Avenue,RH5,+44 (362) 610-8064,De Montfort University Leicester,3rd,03,JULY 2019,Doris Bellasis
262,Debi Gold,Female,22/06/1997,dgold79@netlog.com,London,340 Northridge Pass,EC3M,+44 (412) 675-6255,Canterbury Christ Church University,1st,31,JULY 2019,Stacey Broad
263,Daloris Cotesford,Female,20/03/1996,dcotesford7a@economist.com,Marston,9362 Acker Hill,ST20,+44-108-165-2941,University of Huddersfield,2:1,10,JULY 2019,Rupert Ripple
264,Natalie Norwich,Female,02/04/1993,nnorwich7b@howstuffworks.com,Sutton,1150 Londonderry Junction,CT15,+44-601-255-8531,"University of the West of England, Bristol",1st,31,JULY 2019,Gismo Tilling
265,Kerstin Couper,Female,23/07/1995,kcouper7c@storify.com,Liverpool,35 Dennis Avenue,L33,+44 203 810 5396,University of Exeter,2:2,23,JULY 2019,Doris Bellasis
266,Keen Tripony,Male,03/12/1996,,Kinloch,8 Marcy Way,PH43,+44 238 674 6342,University of Huddersfield,2:2,03,JULY 2019,Sunny Sladefield
267,Ody Paroni,,13/06/1993,oparoni7e@archive.org,Newton,02 Cambridge Center,NG34,+44 (900) 815-2277,"Institute of Commonwealth Studies, University of London",3rd,18,JULY 2019,Stacey Broad
268,Rodolfo Drillot,Male,09/06/1994,rdrillot7f@spotify.com,Birmingham,141 Express Road,B40,+44 996 768 8253,University of Northampton,2:2,03,JULY 2019,Fifi Eton
269,Derward Wyllt,Male,08/07/1997,dwyllt7g@abc.net.au,London,6160 Burrows Center,EC3M,+44 406 194 6990,University of Chester,2:1,03,JULY 2019,Stacey Broad
270,Amil Lidden,Female,30/07/2000,alidden7h@barnesandnoble.com,Upton,105 Larry Parkway,DN21,+44 (687) 956-8512,"Birkbeck College, University of London",1st,09,JULY 2019,Rupert Ripple
271,Salim Sarra,Male,10/11/1999,ssarra7i@google.cn,Linton,392 Ridgeview Alley,BD23,+44 (569) 811-4467,,,10,JULY 2019,Fifi Etton
272,Whitaker Pollak,Male,09/05/1999,wpollak7j@a8.net,Milton,8172 Schiller Hill,NG22,+44 952 313 7773,"University of the West of England, Bristol",2:1,,,
273,Horatius Branch,Male,13/03/1999,hbranch7k@tinyurl.com,Newport,5 Milwaukee Point,NR29,+44-957-268-0313,Roehampton University of Surrey,2:2,11,JULY 2019,Sunny Sladefield
274,Barr Khosa,Male,17/08/2000,bkhosa7l@globo.com,Wootton,8153 Sachs Parkway,NN4,+44 (444) 929-5709,Liverpool John Moores University,3rd,17,JULY 2019,Rupert Ripple
275,Frankie Boseley,Male,24/01/1998,,Wirral,3 Vahlen Place,CH48,+44-244-247-7259,,,02,JULY 2019,Gismo Tilling
276,Bayard Stuckow,Male,03/11/1998,bstuckow7n@goo.ne.jp,Seaton,2 Walton Park,LE15,+44-522-592-6250,"Courtauld Institute of Art, University of London",2:1,09,JULY 2019,Doris Bellasis
277,Babita Tabourin,Female,01/08/1991,btabourin7o@newyorker.com,Aberdeen,91 Reindahl Park,AB39,,"University of the West of England, Bristol",2:1,18,JULY 2019,Fifi Etton
278,Job Restall,Male,22/07/1997,jrestall7p@discovery.com,Bristol,4 Fremont Point,BS41,+44 (838) 742-9944,University of Newcastle-upon-Tyne,2:2,10,JULY 2019,Stacey Broad
279,Evin De Roeck,Male,13/12/1994,ede7q@umich.edu,Horton,8 Hanson Hill,BS37,+44-489-167-9124,Bournemouth University,3rd,17,JULY 2019,Doris Bellasis
280,Anastasia Jansson,Female,09/06/1994,ajansson7r@linkedin.com,Glasgow,047 Troy Place,G4,+44-183-711-1887,"Birkbeck College, University of London",2:1,18,JULY 2019,Rupert Ripple
281,Vanni Ducker,Female,13/03/1996,vducker7s@youtu.be,Kingston,2 Sherman Court,DT10,+44 (508) 350-8593,"University College London, University of London",2:1,,,
282,Leopold Boichat,Male,01/06/1990,lboichat7t@hibu.com,Upton,671 Hoard Lane,WF9,+44 774 623 9177,South Bank University,1st,25,JULY 2019,Gismo Tilling
283,Nevil Penhaligon,Male,04/05/1999,npenhaligon7u@sfgate.com,Newton,79119 Ilene Place,IV1,+44 (742) 579-6531,University of Dundee,2:1,24,JULY 2019,Bruno Bellbrook
284,IAN LAVERACK,Male,11/02/1999,ilaverack7v@patch.com,,,,+44 811 925 5276,American InterContinental University - London,2:2,03,JULY 2019,Sunny Sladefield
285,Thorin Eskriet,Male,25/01/1990,teskriet7w@oaic.gov.au,Brampton,6108 Bunting Lane,NR34,+44 (931) 718-5668,Thames Valley University,1st,10,JULY 2019,Fifi Eton
286,Melamie Streat,Female,04/03/1997,mstreat7x@unicef.org,Kingston,18 Clarendon Center,DT10,+44-904-827-0973,Sotheby´s Institute of Art - London,2:2,11,JULY 2019,Bruno Bellbrook
287,Kathy Capstack,Female,21/10/1994,kcapstack7y@google.ca,Church End,78254 Golf View Alley,CB4,+44-334-661-1402,"Royal Free Hospital School of Medicine, University of London",1st,18,JULY 2019,Gismo Tilling
288,FLORIS RIZZETTI,Female,29/05/1994,frizzetti7z@umich.edu,Sheffield,234 Nancy Parkway,S1,+44-514-423-5060,,,11,JULY 2019,Gismo Tilling
289,Ollie Pinniger,Male,14/03/1999,opinniger80@privacy.gov.au,Weston,36928 Eagle Crest Street,GU32,+44 783 407 0790,The Manchester Metropolitan University,2:1,09,JULY 2019,Fifi Etton
290,Rancell Lill,Male,16/04/1999,rlill81@mit.edu,Newtown,33224 Blue Bill Park Avenue,RG20,+44 (541) 918-1063,University of Stirling,2:2,18,JULY 2019,Stacey Broad
291,Quinlan Zettler,Male,17/04/1993,qzettler82@buzzfeed.com,Aberdeen,3 Merrick Hill,AB39,+44 308 797 4937,The Manchester Metropolitan University,2:1,,,
292,Van Chesshyre,Female,11/12/1991,vchesshyre83@issuu.com,Sheffield,7751 Fremont Avenue,S1,+44 462 878 1827,"Queen Mary and Westfield College, University of London",1st,09,JULY 2019,Rupert Ripple
293,Vivienne Blakelock,Female,29/07/1992,vblakelock84@amazon.co.uk,Newtown,4 Elka Road,RG20,+44 (968) 175-2922,University of Sussex,2:1,10,JULY 2019,Stacey Broad
294,Brad Coleyshaw,Male,11/03/1999,bcoleyshaw85@meetup.com,Edinburgh,2 Stuart Plaza,EH9,+44 (868) 281-8114,"Warburg Institute, University of London",1st,30,JULY 2019,Doris Bellasis
295,Hodge Hartles,Male,04/11/1993,hhartles86@princeton.edu,Weston,9 Golden Leaf Hill,GU32,+44 378 437 9506,"Goldsmiths College, University of London",2:1,,,
296,Adelaida Pirson,Female,08/09/2000,apirson87@guardian.co.uk,Ford,177 Oxford Park,GL54,+44 829 877 6910,"Heythrop College, University of London",1st,11,JULY 2019,Doris Bellasis
297,Alli Ludewig,Female,20/06/1990,aludewig88@amazon.co.uk,Upton,356 Gerald Junction,DN21,+44 176 157 1256,University of Durham,2:1,16,JULY 2019,Rupert Ripple
298,Rikki Soltan,Male,06/11/1993,rsoltan89@liveinternet.ru,London,63953 Gulseth Point,EC3M,+44 (237) 818-3329,"University of Wales, Newport",2:2,,,
299,Grant Hasney,Male,23/10/1997,ghasney8a@creativecommons.org,Craigavon,862 Hanover Court,BT66,+44 503 100 0315,University of Newcastle-upon-Tyne,2:2,25,JULY 2019,Gismo Tilling
300,Elnore Schwandner,Female,04/11/1991,eschwandner8b@icq.com,Newton,9829 International Place,NG34,,Glasgow School of Art,2:1,16,JULY 2019,Sunny Sladefield
301,Ford Feldhorn,Male,13/05/1997,ffeldhorn8c@nymag.com,Wirral,084 Miller Terrace,CH48,+44 354 439 5364,University of Liverpool,2:2,09,JULY 2019,Doris Bellasis
302,Sandor Swatradge,Male,,sswatradge8d@domainmarket.com,Belfast,03045 Straubel Pass,BT2,+44-959-356-7483,"United Medical and Dental Schools, University of London",2:1,18,JULY 2019,Gismo Tilling
303,Marlow Turbitt,Male,16/11/1995,mturbitt8e@github.io,Aston,845 Loomis Parkway,TF6,+44 (263) 959-4584,Loughborough University,3rd,02,JULY 2019,Fifi Eton
304,Jarred Tredger,Male,21/02/1990,jtredger8f@cbslocal.com,Glasgow,0119 Northport Crossing,G4,+44 (307) 683-7249,University of Newcastle-upon-Tyne,2:1,18,JULY 2019,Fifi Eton
305,Flinn Snowding,Male,29/10/1995,fsnowding8g@ucoz.ru,Glasgow,81 New Castle Way,G4,+44 195 493 5410,"School of Pharmacy, University of London",2:1,,,
306,Brooke Paolino,Male,27/03/1999,bpaolino8h@dot.gov,Carlton,2 Dawn Parkway,DL8,+44-745-257-5807,University of Glasgow,2:2,17,JULY 2019,Sunny Sladefield
307,Benjamin Chastand,Male,23/02/1997,bchastand8i@about.com,Walton,1 Scofield Circle,CV35,+44 243 874 4985,"University of Wales Institute, Cardiff",2:2,31,JULY 2019,Fifi Eton
308,Coleman Martynka,Male,09/07/1998,cmartynka8j@bloglovin.com,Thorpe,023 Emmet Park,BD23,,Heriot-Watt University,2:1,25,JULY 2019,Bruno Bellbrook
309,Alistair Scanes,Male,04/02/1999,ascanes8k@cbslocal.com,Merton,53 Bashford Court,SW19,+44-597-724-2040,American InterContinental University - London,2:1,23,JULY 2019,Rupert Ripple
310,Shari Wedgwood,Female,29/03/1993,swedgwood8l@is.gd,London,78 Donald Place,SW1E,+44 616 976 7811,International Colleges of Islamic Science,3rd,09,JULY 2019,Sunny Sladefield
311,Gradeigh Hamblin,,29/09/1999,ghamblin8m@hao123.com,Sutton,794 Rutledge Pass,RH5,,Huron University USA in London,3rd,16,JULY 2019,Fifi Etton
312,BLANCA ARCHIBOULD,Female,09/10/1992,barchibould8n@amazon.co.uk,Bradford,8 Del Sol Avenue,BD7,+44 (889) 152-5043,,,,,
313,Clementine Greedier,Female,06/12/1999,cgreedier8o@archive.org,Bristol,876 Hanover Parkway,BS41,+44 (907) 108-2603,University of Buckingham,2:2,24,JULY 2019,Sunny Sladefield
314,Dyna Sange,Female,30/08/1996,dsange8p@ustream.tv,Hatton,400 Maryland Avenue,CV35,+44 (580) 371-5460,Staffordshire University,3rd,04,JULY 2019,Gismo Tilling
315,Aggie Remmers,Female,21/01/2000,aremmers8q@umich.edu,Hatton,985 Hermina Point,CV35,+44-580-445-9465,"Institute of Advanced Legal Studies, University of London",2:2,30,JULY 2019,Sunny Sladefield
316,Annice Farady,Female,23/02/1993,afarady8r@eventbrite.com,,,,+44-298-269-2661,"Warburg Institute, University of London",3rd,23,JULY 2019,Doris Bellasis
317,Randie Klimashevich,Male,26/08/1999,rklimashevich8s@gizmodo.com,London,60 Bluestem Street,EC3M,+44 (841) 644-9113,University of Derby,2:1,10,JULY 2019,Doris Bellasis
318,Laird Grece,Male,06/02/1994,lgrece8t@cocolog-nifty.com,Newton,55104 Debra Pass,IV1,+44-325-403-3248,,,17,JULY 2019,Rupert Ripple
319,Gina Levens,Female,26/10/1991,glevens8u@uol.com.br,Ford,448 Forest Dale Street,GL54,+44 826 909 3111,Glasgow School of Art,2:1,09,JULY 2019,Stacey Broad
320,Abelard Cardenas,Male,11/05/1990,acardenas8v@yellowbook.com,Milton,3717 Spenser Alley,NG22,+44 (256) 685-5702,Open University,3rd,09,JULY 2019,Sunny Sladefield
321,Maje Vallis,Male,11/08/1990,mvallis8w@sciencedirect.com,Wirral,033 Dexter Avenue,CH48,+44-401-737-8517,University of North London,2:2,10,JULY 2019,Stacey Broad
322,Thoma Bolesworth,Male,23/05/1995,tbolesworth8x@i2i.jp,Whitchurch,36663 Mallory Parkway,BS14,+44 677 356 3078,University of Surrey,2:1,04,JULY 2019,Doris Bellasis
323,Brendon Corbally,Male,14/02/1994,bcorbally8y@github.com,London,201 1st Terrace,WC1B,+44 339 496 8606,University of Plymouth,2:2,25,JULY 2019,Sunny Sladefield
324,Matt Roocroft,Male,15/12/1991,mroocroft8z@usatoday.com,Newbiggin,4772 Nova Place,NE46,+44 (253) 400-0274,University Campus Suffolk,2:1,02,JULY 2019,Stacey Broad
325,Kris Whaley,Female,23/11/1992,kwhaley90@amazon.co.uk,Norton,58 Golf Course Terrace,S8,+44 (834) 417-2516,Southampton Solent University,2:2,30,JULY 2019,Fifi Etton
326,Elsworth Bendtsen,Male,03/07/1991,ebendtsen91@wikispaces.com,Preston,40 Farragut Alley,PR1,+44-306-211-6432,"University of Wales, Swansea",1st,31,JULY 2019,Stacey Broad
327,Honor Huntall,Female,,hhuntall92@ustream.tv,London,17 Mcguire Pass,SW1E,+44-111-859-0129,"University of Wales, Bangor",2:2,02,JULY 2019,Gismo Tilling
328,Paulina Tear,Female,04/01/1992,ptear93@bigcartel.com,Kinloch,0380 Old Shore Park,PH43,+44 (459) 660-2575,University of Huddersfield,3rd,17,JULY 2019,Gismo Tilling
329,Kirsten Spelman,Female,04/07/1995,kspelman94@telegraph.co.uk,Milton,173 Brown Street,NG22,+44 (489) 281-5711,Liverpool John Moores University,3rd,30,JULY 2019,Fifi Etton
330,Benedict Sucre,Male,12/10/1997,bsucre95@cargocollective.com,London,78 Burning Wood Park,W1F,+44 (704) 817-9262,Wimbledon School of Art,2:1,,,
331,Allan Semmens,Male,23/10/1993,asemmens96@ibm.com,Sheffield,2036 Meadow Vale Trail,S1,+44 (375) 864-1262,De Montfort University Leicester,3rd,09,JULY 2019,Bruno Bellbrook
332,Yankee Northing,Male,20/06/2000,ynorthing97@mlb.com,Sutton,4 Mccormick Way,CT15,+44-823-323-3730,"School of Pharmacy, University of London",3rd,02,JULY 2019,Doris Bellasis
333,Noby Vacher,Male,16/12/2000,nvacher98@com.com,Manchester,3758 Haas Lane,M14,+44-814-559-1795,Warnborough University,2:2,04,JULY 2019,Sunny Sladefield
334,Aldus Notley,Male,09/08/1994,anotley99@gizmodo.com,Bradford,2 Rockefeller Way,BD7,+44 (504) 970-1926,"Institute of Latin American Studies, University of London",2:1,,,
335,Bevon Detoile,Male,07/12/1996,bdetoile9a@infoseek.co.jp,Kingston,570 Waxwing Avenue,DT10,+44 669 492 0902,Swansea Metropolitan University,2:1,03,JULY 2019,Bruno Bellbrook
336,Weylin Swatradge,Male,13/05/1990,wswatradge9b@chron.com,Norton,7433 Katie Court,NN11,+44-825-914-8982,Heriot-Watt University,3rd,03,JULY 2019,Doris Bellasis
337,Germaine Kitchenside,Male,31/10/2000,gkitchenside9c@uiuc.edu,,,,+44-825-918-8401,Nottingham Trent University,2:1,02,JULY 2019,Stacey Broad
338,Berti Nayer,Female,22/10/1993,bnayer9d@msu.edu,Church End,28 Columbus Plaza,N3,+44 (803) 845-8786,,,02,JULY 2019,Rupert Ripple
339,Adaline Durtnell,Female,,adurtnell9e@jiathis.com,Charlton,15029 Dayton Circle,OX12,+44 150 965 3705,Newport International University,2:1,30,JULY 2019,Gismo Tilling
340,Kearney Hellewell,Male,22/03/1996,khellewell9f@wufoo.com,Upton,183 Kensington Street,WF9,+44-928-379-9661,Glasgow School of Art,3rd,,,
341,Gilbertine Olivetti,Female,17/01/1996,golivetti9g@wikipedia.org,Upton,455 Brickson Park Terrace,DN21,+44 106 417 8509,University of Paisley,2:2,02,JULY 2019,Rupert Ripple
342,Oralia Chaikovski,Female,31/12/1996,ochaikovski9h@dailymail.co.uk,Horton,28435 Prentice Street,BS37,+44 848 396 1936,Loughborough University,2:1,25,JULY 2019,Doris Bellasis
343,Ester McTerrelly,Female,21/04/1999,emcterrelly9i@simplemachines.org,Tullich,47543 Alpine Crossing,AB55,+44 394 404 7341,Roehampton University of Surrey,2:2,11,JULY 2019,Sunny Sladefield
344,Lee Bernocchi,Female,11/02/1994,lbernocchi9j@patch.com,Sutton,684 Melrose Pass,RH5,+44-565-953-4693,,,03,JULY 2019,Bruno Bellbrook
345,Clarke Cradoc,Male,30/05/1995,ccradoc9k@accuweather.com,Marston,3578 Pepper Wood Road,ST20,+44 897 829 4089,Newport International University,2:2,25,JULY 2019,Rupert Ripple
346,Dun Kurth,Male,21/01/1994,dkurth9l@smh.com.au,Milton,794 Summerview Road,AB56,+44-999-511-8574,The Manchester Metropolitan University,2:2,09,JULY 2019,Doris Bellasis
347,Drusy Benny,Female,31/03/2000,dbenny9m@zdnet.com,Kingston,68820 Westend Park,DT10,+44 843 906 5445,University of Edinburgh,2:2,02,JULY 2019,Sunny Sladefield
348,Maxie Thairs,Male,12/01/1991,mthairs9n@google.com.au,Whitchurch,36 Scofield Crossing,BS14,+44 (821) 298-5850,University of Glamorgan,2:1,03,JULY 2019,Sunny Sladefield
349,Rachelle Loutheane,Female,26/04/1992,rloutheane9o@google.ru,Merton,77 Boyd Lane,SW19,+44 (358) 749-1272,Sheffield Hallam University,2:2,23,JULY 2019,Doris Bellasis
350,Lurline Stirtle,Female,08/12/1999,lstirtle9p@cnn.com,Bradford,7 Del Sol Center,BD7,+44-987-832-2012,Coventry University,2:1,11,JULY 2019,Doris Bellasis
351,Joela Galea,,10/01/1992,,Denton,8309 Heffernan Park,M34,+44-498-236-4781,American InterContinental University - London,1st,04,JULY 2019,Bruno Bellbrook
352,Marna Matskevich,Female,28/11/1991,mmatskevich9r@amazon.co.jp,Craigavon,58062 Summer Ridge Place,BT66,+44-161-977-1400,Canterbury Christ Church University,2:1,30,JULY 2019,Rupert Ripple
353,Reynard Seville,Male,17/07/2000,rseville9s@reference.com,Bradford,72 Washington Street,BD7,+44-445-997-3398,European School of Economics,2:1,03,JULY 2019,Fifi Eton
354,Gardiner M'Barron,Male,08/09/1995,gmbarron9t@odnoklassniki.ru,Ford,588 Blackbird Crossing,GL54,+44 509 920 8954,"King's College London, University of London",3rd,,,
355,Ara Loggie,Male,14/07/1997,,Sutton,41175 Scofield Point,RH5,+44 (570) 267-9721,"Saint George's Hospital Medical School, University of London",2:1,02,JULY 2019,Stacey Broad
356,Annecorinne Kertess,Female,31/05/1994,akertess9v@biblegateway.com,Wirral,9613 Upham Avenue,CH48,+44 (336) 299-2323,The Robert Gordon University,3rd,11,JULY 2019,Rupert Ripple
357,Marsha Lippett,Female,21/05/1997,mlippett9w@miitbeian.gov.cn,Belfast,34 Columbus Place,BT2,+44 (747) 785-6400,Roehampton University of Surrey,2:1,17,JULY 2019,Fifi Etton
358,Fanya Boycott,Female,04/10/1994,fboycott9x@newyorker.com,Church End,2 Anniversary Street,N3,+44 (623) 585-0897,American InterContinental University - London,1st,,,
359,Anabella Wilcox,Female,29/05/1990,awilcox9y@nih.gov,Wootton,36 Saint Paul Alley,NN4,+44-818-426-0399,University of Dundee,2:1,31,JULY 2019,Stacey Broad
360,Gaelan Cords,Male,22/07/1991,gcords9z@360.cn,Swindon,21188 Glendale Court,SN1,+44 890 959 5597,London Metropolitan University,1st,11,JULY 2019,Stacey Broad
361,Brewer Calderbank,Male,13/03/1996,bcalderbanka0@icq.com,Middleton,5367 Caliangt Street,LE16,+44 (448) 341-2029,"University College London, University of London",2:2,16,JULY 2019,Bruno Bellbrook
362,Harrison Filby,Male,20/12/1994,hfilbya1@ovh.net,Bradford,439 Briar Crest Terrace,BD7,,,,24,JULY 2019,Bruno Bellbrook
363,Ketti Murrigans,Female,12/10/1991,kmurrigansa2@apple.com,Twyford,26694 Starling Avenue,LE14,+44 (945) 122-0744,Heriot-Watt University,2:1,02,JULY 2019,Gismo Tilling
364,Eberhard Cattemull,Male,31/01/1994,ecattemulla3@bravesites.com,Craigavon,2414 Almo Way,BT66,+44 596 395 2228,"University of Wales, Aberystwyth",1st,30,JULY 2019,Gismo Tilling
365,Tuesday Tasseler,Female,07/01/1999,ttasselera4@bizjournals.com,Sheffield,9859 Green Court,S33,+44 (347) 371-3773,University of Edinburgh,3rd,09,JULY 2019,Doris Bellasis
366,Brodie Chipperfield,Male,31/05/1999,bchipperfielda5@1688.com,London,159 Del Sol Terrace,W1F,+44-702-425-1764,University of Newcastle-upon-Tyne,2:1,24,JULY 2019,Rupert Ripple
367,Cobby Wixey,Male,14/12/2000,cwixeya6@addtoany.com,Buckland,0 Anderson Drive,CT16,+44 (664) 582-5827,London Metropolitan University,2:1,11,JULY 2019,Doris Bellasis
368,Hill Tiplady,Male,08/05/1990,htipladya7@adobe.com,Middleton,45 Schiller Park,LE16,+44 (191) 380-9276,William Gilbert College,2:1,03,JULY 2019,Sunny Sladefield
369,Briggs Logsdail,Male,14/11/1991,blogsdaila8@deviantart.com,Sheffield,645 Hanover Lane,S33,+44-488-372-8245,Royal College of Art,2:2,18,JULY 2019,Bruno Bellbrook
370,Adela Paley,Female,12/01/1990,apaleya9@facebook.com,Twyford,5510 Reinke Terrace,LE14,+44-812-390-9863,Imperial College London,3rd,23,JULY 2019,Stacey Broad
371,Meyer Dobbison,Male,22/07/1993,mdobbisonaa@rakuten.co.jp,East End,280 Beilfuss Place,BH21,+44-484-520-7057,London College of Science & Technology,2:1,30,JULY 2019,Gismo Tilling
372,Sherlocke Baselio,Male,09/01/1994,sbaselioab@xinhuanet.com,Sheffield,7856 Merry Pass,S33,+44 225 266 7474,"Institute of Commonwealth Studies, University of London",3rd,02,JULY 2019,Fifi Etton
373,Nettle Heffer,Female,04/12/2000,nhefferac@domainmarket.com,Dean,29 Sutteridge Junction,OX7,,University of Hertfordshire,2:1,16,JULY 2019,Gismo Tilling
374,Amalea Ughi,,31/08/1997,aughiad@yellowpages.com,Sutton,335 Rusk Center,CT15,+44 565 338 8829,"University of Wales, Newport",2:2,02,JULY 2019,Rupert Ripple
375,Sterling Byer,Male,29/03/1991,sbyerae@digg.com,Upton,59029 Scoville Way,WF9,+44 706 903 6573,Central Saint Martins College of Art & Design,2:1,23,JULY 2019,Gismo Tilling
376,Julia Taile,,30/06/1996,jtaileaf@jimdo.com,Newbiggin,523 5th Circle,NE46,+44-707-673-0255,"London School of Hygiene & Tropical Medicine, University of London",3rd,02,JULY 2019,Fifi Eton
377,Eden Chattock,Female,22/06/2000,echattockag@chicagotribune.com,Linton,6 Talmadge Hill,BD23,+44 (649) 764-4950,"Saint George's Hospital Medical School, University of London",1st,09,JULY 2019,Stacey Broad
378,Rois Covey,Female,06/04/1997,rcoveyah@flavors.me,London,6 Paget Trail,EC1V,+44 (405) 639-6992,"Royal College of Music, University of London",2:1,25,JULY 2019,Gismo Tilling
379,Avictor Moorey,Male,20/05/1998,amooreyai@ihg.com,Weston,73196 Ruskin Center,GU32,+44 371 192 5376,Falmouth University,2:1,17,JULY 2019,Doris Bellasis
380,Seamus Huxster,Male,24/09/1994,shuxsteraj@i2i.jp,Kinloch,19 Nova Pass,PH43,+44 (822) 533-4733,University of East Anglia,2:1,09,JULY 2019,Stacey Broad
381,Regina Calver,Female,18/02/1990,rcalverak@exblog.jp,Aston,74 Redwing Trail,TF6,+44 (603) 689-9798,"University of Halifax, Birmingham Campus",2:1,31,JULY 2019,Fifi Eton
382,Kellby Alfonsetti,Male,17/08/1991,kalfonsettial@yandex.ru,Norton,63 Hanover Court,NN11,+44 288 850 2287,University of Greenwich,2:2,,,
383,Lonnard O'Neill,Male,07/11/1993,,Stapleford,702 3rd Crossing,LN6,+44-356-638-8518,Oxford Brookes University,2:1,18,JULY 2019,Sunny Sladefield
384,Mil Teresi,Female,24/03/1991,mteresian@pbs.org,Buckland,11 West Point,CT16,+44 443 729 2239,University of East London,2:1,,,
385,Ardis Staniland,Female,30/10/1996,astanilandao@histats.com,Glasgow,3249 Manley Alley,G4,+44 (882) 413-7669,University of York,2:2,02,JULY 2019,Bruno Bellbrook
386,Bill Pendlebury,Female,24/04/2000,bpendleburyap@psu.edu,Belfast,79 Kropf Place,BT2,+44-567-469-2485,The American University in London,2:1,18,JULY 2019,Sunny Sladefield
387,Andonis Cannicott,Male,08/07/1994,acannicottaq@slashdot.org,Newton,38 Briar Crest Lane,IV1,+44 (606) 699-0948,University of Warwick,2:2,,,
388,Allyce Attwill,Female,09/02/1994,aattwillar@woothemes.com,East End,9152 Bowman Junction,BH21,+44 (732) 287-3626,University of Sussex,2:1,25,JULY 2019,Bruno Bellbrook
389,Belle Catherall,Female,16/08/1997,bcatherallas@nature.com,London,9 Rutledge Trail,SW1E,+44-460-830-0573,University of St. Andrews,2:1,11,JULY 2019,Gismo Tilling
390,Layne McAline,,13/05/1997,lmcalineat@google.es,Seaton,63700 Merry Plaza,LE15,+44 839 718 7739,De Montfort University Leicester,2:2,25,JULY 2019,Stacey Broad
391,Ulrikaumeko Bowsher,Female,21/11/1999,ubowsherau@arstechnica.com,Eaton,310 Swallow Trail,DN22,+44 (656) 155-7741,Heriot-Watt University,2:2,16,JULY 2019,Sunny Sladefield
392,Lory Bruckman,,05/11/1993,lbruckmanav@buzzfeed.com,Birmingham,4 Gateway Trail,B12,+44-394-489-0602,University of York,3rd,11,JULY 2019,Bruno Bellbrook
393,Rufe Devon,Male,11/01/2000,,,,,+44 (569) 328-1616,University of Essex,2:2,11,JULY 2019,Stacey Broad
394,Abbott Dodgshon,Male,13/04/1997,adodgshonax@psu.edu,Kinloch,118 Anthes Court,PH43,+44-936-959-6396,University of Hull,2:2,18,JULY 2019,Gismo Tilling
395,Antonie Coram,Female,19/07/1994,acoramay@sciencedaily.com,London,7850 Hanover Place,EC3M,+44 (987) 131-0580,"Schiller International University, London",2:1,25,JULY 2019,Fifi Etton
396,Cinnamon Gilkison,Female,09/07/1996,cgilkisonaz@virginia.edu,London,356 Florence Trail,EC1V,+44-981-546-3133,"Schiller International University, London",3rd,09,JULY 2019,Fifi Etton
397,Dewitt Milborn,,24/09/1991,,Newton,2 Corscot Place,NG34,+44 (302) 261-6525,University of Plymouth,2:2,24,JULY 2019,Fifi Etton
398,Mureil Woodstock,Female,03/12/1990,mwoodstockb1@mozilla.org,Halton,94 Tony Road,LS9,+44 114 803 4669,British College of Osteopathic Medicine,2:1,03,JULY 2019,Sunny Sladefield
399,Claude Duran,Female,01/03/1998,cduranb2@sakura.ne.jp,Langley,54508 Fallview Place,SG4,,Royal College of Art,2:2,02,JULY 2019,Sunny Sladefield
400,Dunstan Halfhide,Male,20/07/1990,dhalfhideb3@cloudflare.com,Milton,8726 Kensington Point,NG22,+44 (465) 153-3832,University of Sunderland,2:2,18,JULY 2019,Bruno Bellbrook
401,Nadya Pineaux,Female,08/07/2000,npineauxb4@slate.com,Dean,8227 Dryden Way,OX7,,"School of Pharmacy, University of London",2:1,23,JULY 2019,Doris Bellasis
402,Nani Measom,Female,28/10/1996,nmeasomb5@wisc.edu,Stapleford,3 Maple Alley,LN6,+44 843 509 9083,University of Salford,2:1,25,JULY 2019,Doris Bellasis
403,Ches Wahlberg,Male,,cwahlbergb6@netlog.com,Bristol,7 Sunbrook Court,BS41,+44 924 241 7428,University of Northumbria at Newcastle,2:1,23,JULY 2019,Rupert Ripple
404,Zacherie Beswell,Male,09/09/1996,zbeswellb7@examiner.com,Kirkton,859 Graedel Drive,KW10,+44 (116) 895-8884,Staffordshire University,2:1,11,JULY 2019,Rupert Ripple
405,Karla Windridge,Female,24/04/1996,kwindridgeb8@npr.org,Upton,639 Crest Line Park,DN21,+44-795-361-1957,University of Paisley,2:1,31,JULY 2019,Fifi Eton
406,Lannie Minister,Male,10/09/2000,lministerb9@pcworld.com,Kinloch,9853 Mifflin Lane,PH43,+44-961-630-1394,,,31,JULY 2019,Bruno Belbrook
407,Mame Theurer,Female,16/11/1995,mtheurerba@google.it,Brampton,054 Southridge Park,NR34,+44 (543) 214-7338,University of Bristol,3rd,11,JULY 2019,Gismo Tilling
408,Andree Romeo,Female,15/11/1999,aromeobb@github.com,Marston,65337 Mosinee Way,ST20,+44 (489) 249-5378,Keele University,1st,02,JULY 2019,Fifi Eton
409,Revkah Chastey,Female,28/02/1990,rchasteybc@sohu.com,Kirkton,4 Jackson Road,KW10,+44 691 297 4584,University of Brighton,2:2,,,
410,Darrel Rodliff,Male,28/06/1997,drodliffbd@google.ca,Norton,60738 Bonner Hill,NN11,,University of Greenwich,2:2,,,
411,Roch de Courcy,Female,19/12/1995,rdebe@examiner.com,Swindon,00 Twin Pines Trail,SN1,+44 (169) 684-4851,Kingston University,2:2,09,JULY 2019,Gismo Tilling
412,Maggie Dolden,Female,02/01/1992,mdoldenbf@bbc.co.uk,Wootton,4965 Anhalt Drive,NN4,+44 377 787 6790,Bournemouth University,1st,11,JULY 2019,Bruno Bellbrook
413,Ennis Breinl,Male,26/05/2000,ebreinlbg@globo.com,Whitwell,91823 Eggendart Terrace,DL10,+44-688-746-9490,"University of Wales, Aberystwyth",2:2,02,JULY 2019,Sunny Sladefield
414,Gage Feveryear,Male,17/10/2000,gfeveryearbh@discovery.com,Walton,4344 Westerfield Park,CV35,+44-419-971-5519,Kingston University,3rd,11,JULY 2019,Rupert Ripple
415,Virginia Burdge,Female,12/10/1991,vburdgebi@noaa.gov,,,,+44-234-807-0750,University of Sussex,2:1,11,JULY 2019,Stacey Broad
416,Melodee Crippen,Female,23/05/1999,mcrippenbj@exblog.jp,Sutton,541 Moulton Hill,RH5,+44-286-183-8791,University of Sunderland,2:2,04,JULY 2019,Bruno Bellbrook
417,Raven Derx,Female,29/10/1996,rderxbk@arizona.edu,Liverpool,64918 Cardinal Terrace,L33,+44 171 138 3915,University of Manchester,2:1,24,JULY 2019,Doris Bellasis
418,Joseito Duiged,Male,27/09/1996,jduigedbl@xrea.com,Sheffield,619 Stang Parkway,S1,+44 (434) 891-9552,"Royal Academy of Music, University of London",2:1,17,JULY 2019,Doris Bellasis
419,Merline Rickell,Female,25/05/1994,mrickellbm@cargocollective.com,Aberdeen,1 Mifflin Road,AB39,+44 466 252 7071,South Bank University,2:1,23,JULY 2019,Rupert Ripple
420,Vina Flott,Female,10/12/1994,vflottbn@wunderground.com,Buckland,4 Stuart Park,CT16,+44-623-173-9530,Cranfield University,3rd,16,JULY 2019,Stacey Broad
421,Hastie Hantusch,Male,09/02/1995,hhantuschbo@friendfeed.com,Horton,8 Hollow Ridge Drive,BS37,+44-145-436-1503,Anglia Ruskin University,2:1,17,JULY 2019,Gismo Tilling
422,Ines Plaschke,Female,21/02/1991,iplaschkebp@redcross.org,Kirkton,64800 Meadow Ridge Center,KW10,+44-481-494-0796,"Schiller International University, London",2:2,24,JULY 2019,Doris Bellasis
423,Burnaby MacKay,Male,,bmackaybq@chron.com,Belfast,6168 Harbort Center,BT2,+44-317-451-7927,,,17,JULY 2019,Stacey Broad
424,Cecilla Vasilov,Female,01/12/1992,cvasilovbr@netlog.com,Church End,851 Arapahoe Trail,N3,+44 750 375 7331,European School of Economics,3rd,03,JULY 2019,Stacey Broad
425,Linc Ridgway,Male,,lridgwaybs@yelp.com,Newport,681 Monterey Trail,NR29,,University of Hull,2:1,17,JULY 2019,Rupert Ripple
426,Monica Mingardi,Female,,mmingardibt@blog.com,Leeds,75437 7th Way,LS6,+44 175 512 7702,Oxford Brookes University,3rd,18,JULY 2019,Stacey Broad
427,Darcy Handrahan,Male,20/06/1999,dhandrahanbu@theglobeandmail.com,Newton,71289 Rieder Pass,IV1,,Liverpool John Moores University,2:2,09,JULY 2019,Doris Bellasis
428,Clarette Pexton,Female,27/10/1996,cpextonbv@purevolume.com,London,9565 Mitchell Point,SW1E,+44-904-573-7761,University of Aberdeen,1st,04,JULY 2019,Gismo Tilling
429,Elladine Lewzey,Female,,elewzeybw@google.co.uk,Sheffield,96340 6th Junction,S1,+44-180-375-3237,The American University in London,2:2,,,
430,Towny Povall,Male,23/11/1999,tpovallbx@barnesandnoble.com,Newton,41 Rowland Hill,IV1,+44 796 164 9871,University of Northampton,2:1,31,JULY 2019,Doris Bellasis
431,Beauregard Hould,Male,29/08/1992,bhouldby@dailymotion.com,Birmingham,051 Northland Place,B40,+44 (457) 791-2726,"University of Wales Institute, Cardiff",2:2,30,JULY 2019,Sunny Sladefield
432,Tonnie Brigshaw,Male,29/08/1990,tbrigshawbz@dailymotion.com,Craigavon,237 Vernon Avenue,BT66,+44-537-158-2946,London Guildhall University,2:1,02,JULY 2019,Rupert Ripple
433,Elwin Collumbine,Male,27/12/1993,,Ashley,52753 Derek Plaza,SN13,,Napier University,2:1,25,JULY 2019,Fifi Etton
434,Adelbert Terney,Male,08/10/1991,aterneyc1@jiathis.com,,,,+44 (268) 374-9152,Aston University,2:2,17,JULY 2019,Stacey Broad
435,Joletta Kalinowsky,Female,23/07/1999,jkalinowskyc2@cyberchimps.com,Pentre,6 Anderson Center,SY4,+44 (776) 863-6051,,,31,JULY 2019,Rupert Ripple
436,Lock Ellerker,Male,06/05/1994,lellerkerc3@friendfeed.com,London,3504 Bunting Point,EC3M,+44 166 283 2262,Cardiff University,2:2,04,JULY 2019,Fifi Eton
437,Freddie Samber,Female,26/06/1993,fsamberc4@nationalgeographic.com,East End,1 Village Circle,BH21,+44 (901) 662-9198,University of Exeter,2:1,10,JULY 2019,Sunny Sladefield
438,Arlette Pickles,Female,11/12/1999,,Merton,5565 Hallows Junction,SW19,+44-964-610-8351,University of Hull,2:2,11,JULY 2019,Sunny Sladefield
439,Simonette Mawson,Female,10/07/1998,smawsonc6@ox.ac.uk,Horton,7937 Troy Pass,BS37,,University of Lancaster,2:1,31,JULY 2019,Gismo Tilling
440,Micheal Di Matteo,Male,27/12/1996,mdic7@youtu.be,Bradford,88702 Lakewood Gardens Point,BD7,+44 957 244 4432,Stratford College London,3rd,30,JULY 2019,Bruno Bellbrook
441,Madeleine Brunicke,Female,04/10/1997,mbrunickec8@wikipedia.org,London,01041 Dawn Lane,EC1V,,University of Nottingham,2:1,11,JULY 2019,Gismo Tilling
442,Alexis Shee,Female,21/03/1995,asheec9@census.gov,Merton,91 Westend Place,SW19,+44 (461) 621-7445,,,16,JULY 2019,Rupert Ripple
443,Ahmad Shreeves,Male,27/03/1993,ashreevesca@home.pl,Birmingham,196 Calypso Park,B40,+44 (579) 958-0718,University of Portsmouth,2:1,24,JULY 2019,Bruno Bellbrook
444,Ashby Capener,Male,14/07/1993,acapenercb@hc360.com,Swindon,51 Monterey Junction,SN1,,"St.Patrick's International College, London",2:2,18,JULY 2019,Gismo Tilling
445,Rachele Bracknell,Female,21/02/1991,rbracknellcc@mozilla.com,Walton,902 West Place,CV35,+44-542-406-6168,University of Central Lancashire,2:2,18,JULY 2019,Bruno Bellbrook
446,Portia Farfalameev,Female,08/03/1992,,Halton,7 Blaine Terrace,LS9,+44 658 996 9917,Chelsea College of Art and Design,2:1,16,JULY 2019,Rupert Ripple
447,Minerva Ravenscraft,Female,08/03/1997,mravenscraftce@ehow.com,Bristol,6531 Sunfield Center,BS41,+44 458 428 7530,University of Bristol,2:1,,,
448,Grant Kilban,Male,26/04/1993,gkilbancf@sciencedirect.com,London,50 Maywood Terrace,W1F,+44-789-696-4454,University of Reading,2:2,10,JULY 2019,Bruno Bellbrook
449,Allyn Spatoni,Female,26/11/1992,aspatonicg@yahoo.co.jp,Merton,402 Ronald Regan Way,SW19,+44-760-844-5777,"University of Wales, Bangor",2:2,24,JULY 2019,Fifi Eton
450,Sinclair Bonder,Male,31/12/1997,sbonderch@desdev.cn,Birmingham,67 Erie Crossing,B12,+44-723-433-6122,Richmond University - The American International University in London,2:2,11,JULY 2019,Rupert Ripple
451,Taryn Hilling,Female,24/05/1995,thillingci@answers.com,Newtown,5585 Hallows Alley,RG20,+44 542 868 4407,,,,,
452,Harmonia Winspare,Female,05/08/1996,hwinsparecj@issuu.com,Hatton,85 Pennsylvania Alley,CV35,+44 829 152 3888,University of Huddersfield,2:1,04,JULY 2019,Gismo Tilling
453,Milly Ison,Female,12/10/1991,misonck@twitpic.com,Preston,79917 Chinook Circle,PR1,+44-239-164-1777,University of Wales,3rd,31,JULY 2019,Fifi Eton
454,Gayle Gealle,Female,04/12/2000,ggeallecl@is.gd,Upton,9610 Lakeland Crossing,WF9,+44 (235) 702-6585,,,09,JULY 2019,Stacey Broad
455,Evvy Allcock,Female,11/04/1997,,Upton,9035 Muir Circle,DN21,+44 (596) 422-6514,University of Bradford,1st,25,JULY 2019,Stacey Broad
456,Con Haxley,Female,28/07/1990,chaxleycn@seattletimes.com,Buckland,67 Autumn Leaf Drive,CT16,+44 641 449 9085,University of Lancaster,2:2,31,JULY 2019,Rupert Ripple
457,Bryanty Greenacre,Male,04/08/2000,bgreenacreco@wiley.com,Kinloch,59269 Northridge Parkway,PH43,+44 803 477 2476,London Metropolitan University,2:2,31,JULY 2019,Rupert Ripple
458,Vivianne Shills,Female,29/10/1990,vshillscp@yellowpages.com,Bradford,9 Eagan Lane,BD7,+44-247-601-5777,"Institute of Advanced Legal Studies, University of London",2:2,31,JULY 2019,Sunny Sladefield
459,Martelle Veneur,Female,09/01/1991,mveneurcq@instagram.com,Weston,1 American Ash Parkway,GU32,+44-441-376-6984,University of Northumbria at Newcastle,2:1,16,JULY 2019,Sunny Sladefield
460,Randell Tirrell,Male,23/09/1996,rtirrellcr@hud.gov,Newton,8 Susan Street,IV1,+44 717 197 5361,Nottingham Trent University,3rd,,,
461,Renado Bulfoot,Male,16/01/1992,rbulfootcs@wufoo.com,Milton,57981 Old Gate Road,AB56,+44 (655) 966-9075,University of Glasgow,2:1,31,JULY 2019,Fifi Eton
462,Tad McIlhagga,Male,05/12/1996,tmcilhaggact@utexas.edu,Dean,58 Clemons Junction,OX7,+44 (645) 119-9630,University of Greenwich,2:1,16,JULY 2019,Fifi Eton
