id,name,gender,dob,email,city,address,postcode,phone_number,uni,degree,invited_date,month,invited_by
1,Sinclair Breissan,Male,20/04/1996,sbreissan0@fema.gov,Glasgow,9 3rd Trail,G4,+44 616 201 6630,University of Buckingham,1st,12,JUNE 2019,Bruno Bellbrook
2,Conn Dobson,,13/07/1993,cdobson1@creativecommons.org,Carlton,981 Namekagon Plaza,DL8,,University of Central Lancashire,2:1,18,JUNE 2019,Fifi Eton
3,Nicolle Radford,Female,01/06/1991,nradford2@reddit.com,West End,7 Gale Junction,DN36,+44 890 532 1390,University of Oxford,3rd,04,JUNE 2019,Rupert Ripple
4,Marquita Forrington,Female,11/09/1999,mforrington3@pen.io,Newton,87523 Ryan Place,NG34,+44 (381) 321-8082,International Centre for Isclamic Science,2:2,20,JUNE 2019,Stacey Broad
5,Ingaborg Pitblado,Female,24/07/1995,ipitblado4@oaic.gov.au,Marston,1 Vahlen Plaza,ST20,+44 237 347 4869,"Institute of Classical Studies, University of London",3rd,18,JUNE 2019,Bruno Bellbrook
6,Bethanne Este,Female,03/07/1994,beste5@nifty.com,Milton,4115 Dahle Place,AB56,+44 (668) 608-7885,"Institute of Classical Studies, University of London",1st,06,JUNE 2019,Rupert Ripple
7,Ingelbert Clench,Male,06/09/1990,iclench6@squarespace.com,Eaton,6032 Waubesa Park,DN22,+44 (511) 971-8101,University of St. Andrews,2:2,27,JUNE 2019,Doris Bellasis
8,Rebekkah Airdrie,Female,31/08/1997,rairdrie7@timesonline.co.uk,London,9519 Gateway Avenue,SW1E,+44 183 132 1853,Royal Holloway and Bedford New College,1st,04,JUNE 2019,Bruno Bellbrook
9,Aura Louche,Female,05/12/1990,alouche8@icq.com,Weston,81 Almo Point,GU32,+44-514-128-2350,University of Kent at Canterbury,1st,04,JUNE 2019,Fifi Etton
10,Cully Seward,Male,21/04/1994,cseward9@abc.net.au,Brampton,0567 Northland Hill,NR34,,University of Sunderland,1st,05,JUNE 2019,Stacey Broad
11,Neall Lannin,Male,06/08/1990,nlannina@apache.org,Brampton,849 Grasskamp Hill,NR34,+44 (293) 849-4802,University of Warwick,2:2,18,JUNE 2019,Rupert Ripple
12,Lenna Daulby,Female,14/08/1996,ldaulbyb@example.com,London,0 Rieder Circle,EC1V,+44 674 480 6001,London Guildhall University,2:2,13,JUNE 2019,Doris Bellasis
13,Romain Baradel,Male,26/04/1996,rbaradelc@bbc.co.uk,Milton,16 Brown Plaza,AB56,+44 150 768 2982,"Royal Free Hospital School of Medicine, University of London",2:1,,,
14,Simmonds Castledine,Male,08/08/1998,scastledined@zdnet.com,Buckland,47 Prentice Junction,CT16,+44 (107) 736-3073,"Saint George's Hospital Medical School, University of London",2:2,26,JUNE 2019,Gismo Tilling
15,Kasper Tuley,,18/06/1992,ktuleye@amazon.co.uk,Walton,73475 Ridgeway Road,CV35,+44 (212) 756-1590,University of Dundee,2:1,,,
16,Billi Narraway,Female,08/12/1991,,Burnside,37 Nova Center,EH52,+44 957 146 8318,Imperial College School of Medicine,2:1,18,JUNE 2019,Rupert Ripple
17,Aurelea Leason,Female,25/10/1990,aleasong@hc360.com,West End,823 Ridgeway Plaza,DN36,,Newport International University,2:1,25,JUNE 2019,Doris Bellasis
18,Lucius Buswell,Male,26/03/1994,lbuswellh@arizona.edu,Horton,8329 Oneill Place,BS37,+44 (365) 936-3769,"University College London, University of London",2:1,04,JUNE 2019,Gismo Tilling
19,Esdras Pires,Male,18/11/1995,epiresi@skype.com,Langley,093 Sycamore Point,SG4,+44-677-751-1469,University of Cambridge,2:1,13,JUNE 2019,Fifi Etton
20,Siouxie Rogan,,07/11/1993,sroganj@wikimedia.org,Carlton,4084 Debra Street,DL8,+44 922 103 3180,Brunel University Uxbridge,1st,11,JUNE 2019,Rupert Ripple
21,Marchall Pocklington,Male,15/05/1996,mpocklingtonk@posterous.com,Weston,4 Morrow Trail,GU32,+44-541-858-6430,Richmond University - The American International University in London,2:2,25,JUNE 2019,Gismo Tilling
22,Granthem Long,Male,22/07/1995,glongl@goo.ne.jp,Upton,09476 Havey Alley,DN21,+44 (513) 361-9472,The American University in London,2:2,05,JUNE 2019,Fifi Etton
23,Charlean Balston,Female,11/02/1998,cbalstonm@blinklist.com,Walton,9048 Ridge Oak Plaza,CV35,+44 (581) 499-7057,University of Strathclyde,1st,11,JUNE 2019,Fifi Eton
24,JIMMIE DURKER,Male,30/12/1994,jdurkern@state.gov,Wootton,691 PORTAGE PARK,NN4,+44-622-281-0813,Trinity College Carmarthen,2:1,06,JUNE 2019,Doris Bellasis
25,Jeanette Wankel,Female,04/09/1997,jwankelo@imgur.com,Aberdeen,04 Elmside Trail,AB39,+44 131 965 2514,University of Bristol,3rd,12,JUNE 2019,Fifi Eton
26,Maxi Highwood,Female,05/12/2000,mhighwoodp@admin.ch,Craigavon,15 Bashford Road,BT66,+44 726 801 1883,Trinity College Carmarthen,3rd,11,JUNE 2019,Fifi Etton
27,Gianni Decroix,Male,12/11/1995,gdecroixq@themeforest.net,Sheffield,63558 Stephen Place,S33,+44-345-846-6082,University of Buckingham,2:2,13,JUNE 2019,Sunny Sladefield
28,Olwen Nixon,Female,01/05/1999,onixonr@ameblo.jp,London,55885 Dovetail Crossing,EC3M,+44 (613) 219-8812,University of Liverpool,3rd,27,JUNE 2019,Fifi Etton
29,Giulietta Dissman,Female,09/05/1992,gdissmans@mtv.com,London,5847 Shoshone Junction,EC1V,+44 (788) 771-6760,Staffordshire University,2:1,25,JUNE 2019,Rupert Ripple
30,Joanna Thwaite,Female,31/08/2000,jthwaitet@unesco.org,Stapleford,98 2nd Place,LN6,,Royal Holloway and Bedford New College,3rd,06,JUNE 2019,Gismo Tilling
31,Salim Edmundson,Male,30/08/2000,sedmundsonu@hibu.com,Church End,09296 Anderson Terrace,N3,,Coventry University,1st,13,JUNE 2019,Gismo Tilling
32,Nehemiah Tackle,Male,14/12/1994,ntacklev@ebay.co.uk,Norton,81 Ronald Regan Trail,NN11,+44 188 555 1121,Liverpool Hope University College,3rd,25,JUNE 2019,Stacey Broad
33,Jan Manilo,Male,22/05/1996,jmanilow@diigo.com,Newton,3 Maple Circle,IV1,+44 521 328 1176,Sotheby´s Institute of Art - London,1st,26,JUNE 2019,Gismo Tilling
34,Derrek Shillinglaw,Male,29/08/1999,dshillinglawx@nsw.gov.au,Brampton,4267 Hintze Junction,NR34,+44-563-463-3118,"Royal Free Hospital School of Medicine, University of London",2:1,18,JUNE 2019,Bruno Bellbrook
35,Suzette Glander,Female,11/11/1993,sglandery@flickr.com,Ashley,112 Derek Hill,SN13,+44 (722) 452-4446,University of Essex,2:1,20,JUNE 2019,Doris Bellasis
36,Shoshanna Leynton,Female,07/01/1997,sleyntonz@psu.edu,Twyford,895 Cambridge Circle,LE14,+44 (548) 735-9071,University of Teesside,1st,,,
37,Bambi See,Female,02/02/1999,bsee10@wikimedia.org,Bradford,22183 Memorial Pass,BD7,+44 687 902 9635,University of London,2:1,04,JUNE 2019,Bruno Bellbrook
38,Ainslee Paice,Female,06/06/1997,apaice11@youku.com,Leeds,375 Surrey Plaza,LS6,+44 (313) 850-0447,European School of Economics,2:2,18,JUNE 2019,Doris Bellasis
39,Fernanda Hendrich,Female,02/08/1993,fhendrich12@shutterfly.com,Belfast,40286 Eggendart Lane,BT2,+44 178 874 1944,"Royal College of Music, University of London",1st,06,JUNE 2019,Rupert Ripple
40,Virge Insole,Male,21/04/2000,vinsole13@berkeley.edu,Hatton,52336 Lyons Plaza,CV35,+44 723 971 4585,The Robert Gordon University,2:1,20,JUNE 2019,Gismo Tilling
41,Kathy Meeking,Female,23/07/1996,kmeeking14@prlog.org,Newtown,9 Pankratz Circle,RG20,+44-529-998-8528,,,26,JUNE 2019,Stacey Broad
42,Lind Ferebee,Female,14/05/1995,lferebee15@canalblog.com,Kingston,24456 Clyde Gallagher Terrace,DT10,,"University of Halifax, Birmingham Campus",2:1,25,JUNE 2019,Sunny Sladefield
43,Aguie Morrad,Male,20/03/1997,amorrad16@narod.ru,Bradford,0250 Mallory Street,BD7,+44-468-230-0659,University of Bristol,2:1,27,JUNE 2019,Rupert Ripple
44,Vania Ingray,Female,03/12/1991,vingray17@issuu.com,Twyford,209 Dunning Point,LE14,+44-656-601-6056,Stratford College London,3rd,13,JUNE 2019,Stacey Broad
45,Ola Robelet,Female,30/07/1999,orobelet18@unicef.org,Birmingham,79 Barby Street,B12,+44 121 927 5392,De Montfort University Leicester,2:1,19,JUNE 2019,Rupert Ripple
46,Leoline Stelli,Female,19/11/1990,lstelli19@dmoz.org,Kingston,107 Wayridge Terrace,DT10,+44 (392) 417-9950,University of Brighton,2:2,19,JUNE 2019,Bruno Bellbrook
47,Malia Checcucci,Female,15/02/1998,mcheccucci1a@umich.edu,London,845 Myrtle Lane,EC3M,+44-226-306-9106,"School of Pharmacy, University of London",2:1,25,JUNE 2019,Stacey Broad
48,Antoni Caney,Male,17/06/1993,acaney1b@chron.com,Edinburgh,39411 Carpenter Alley,EH9,+44 155 457 4445,"Institute of Commonwealth Studies, University of London",2:2,11,JUNE 2019,Gismo Tilling
49,Berget Livingstone,Female,22/05/1997,blivingstone1c@wsj.com,Seaton,5710 Chive Plaza,LE15,+44-128-269-6530,Royal Holloway and Bedford New College,2:2,,,
50,Thaddeus Gorhardt,Male,12/11/1991,tgorhardt1d@shutterfly.com,Seaton,90154 Atwood Plaza,LE15,+44 498 130 3990,"London School of Economics and Political Science, University of London",1st,,,
51,Dickie Lowerson,Male,28/11/1994,dlowerson1e@tuttocitta.it,Weston,602 Wayridge Drive,GU32,,London Business School,2:2,,,
52,Alanah Matfin,Female,26/11/1991,,Tullich,03 Delaware Alley,AB55,+44-143-173-1602,University of Gloucestershire,2:1,27,JUNE 2019,Gismo Tilling
53,Jehu Van Arsdall,Male,11/09/1999,jvan1g@a8.net,Brampton,045 Hooker Park,NR34,+44 864 757 6409,University of Durham,2:1,12,JUNE 2019,Doris Bellasis
54,Rana Antoniou,Female,08/03/1993,,Bradford,8619 Darwin Plaza,BD7,+44 (436) 769-7880,Sheffield Hallam University,1st,18,JUNE 2019,Gismo Tilling
55,Nickolaus Jeacocke,Male,19/03/1994,njeacocke1i@amazon.co.jp,Whitwell,86 Jay Park,DL10,+44 (862) 131-5590,Kingston University,3rd,06,JUNE 2019,Gismo Tilling
56,Briano Nissle,Male,06/11/1998,bnissle1j@php.net,Belfast,3065 Buell Place,BT2,+44 586 456 1661,University of Newcastle-upon-Tyne,3rd,13,JUNE 2019,Fifi Eton
57,Temple Plumridege,Male,31/10/2000,tplumridege1k@pen.io,Seaton,58 Spaight Avenue,LE15,+44 (371) 609-9941,University of Lancaster,2:1,20,JUNE 2019,Sunny Sladefield
58,Adeline Ordidge,Female,10/01/1991,aordidge1l@samsung.com,Manchester,43 Chive Junction,M14,+44 (242) 808-8676,"Birkbeck College, University of London",2:1,19,JUNE 2019,Stacey Broad
59,Agnes Attack,Female,14/04/1997,aattack1m@howstuffworks.com,Brampton,02 Blue Bill Park Road,NR34,+44-736-252-6183,"Warburg Institute, University of London",2:1,18,JUNE 2019,Rupert Ripple
60,Stanleigh Huson,Male,01/12/1994,shuson1n@odnoklassniki.ru,Church End,52 Kensington Hill,CB4,+44-159-286-4215,University of Hull,2:1,19,JUNE 2019,Sunny Sladefield
61,Lyell Sandell,Male,05/02/1995,lsandell1o@ebay.com,Merton,2 Goodland Trail,SW19,+44 (699) 580-8630,"Royal College of Music, University of London",2:2,06,JUNE 2019,Rupert Ripple
62,Putnem Ericsson,Male,29/11/1994,pericsson1p@sphinn.com,Seaton,36 Warrior Street,LE15,+44 (750) 390-5063,"Schiller International University, London",2:1,18,JUNE 2019,Gismo Tilling
63,Morris Banger,Male,17/04/1997,,Middleton,92 Roth Pass,LE16,,"Royal Free Hospital School of Medicine, University of London",2:2,,,
64,Hadrian Cornau,Male,01/01/1997,hcornau1r@yolasite.com,Wirral,702 Northridge Street,CH48,+44 (888) 861-3841,University of Glasgow,2:2,12,JUNE 2019,Rupert Ripple
65,Dodie McGowran,Female,31/12/1990,dmcgowran1s@deviantart.com,Horton,37 Delaware Pass,BS37,+44 200 600 9970,University of Westminster,2:1,27,JUNE 2019,Fifi Etton
66,Rayshell Lince,Female,10/12/1993,rlince1t@cnbc.com,Newbiggin,65337 Logan Center,NE46,+44 (792) 279-4154,University of Paisley,2:1,27,JUNE 2019,Gismo Tilling
67,Freddie Ludlam,,15/01/1990,fludlam1u@1688.com,Sheffield,90691 Park Meadow Drive,S33,+44 (560) 644-2717,University of Oxford,2:2,05,JUNE 2019,Fifi Etton
68,DEAN BRIDLE,Male,29/01/1991,dbridle1v@tiny.cc,Liverpool,5137 Ramsey Trail,L33,+44 672 623 2872,University of Leicester,2:1,18,JUNE 2019,Sunny Sladefield
69,Fancie Coster,Female,29/10/1995,fcoster1w@ehow.com,Normanton,13 Roth Pass,LE15,+44-231-645-5863,"University of Wales, Lampeter",2:2,25,JUNE 2019,Stacey Broad
70,Abran Odams,Male,21/09/1997,aodams1x@istockphoto.com,Craigavon,5064 Nelson Avenue,BT66,+44-220-946-5679,University of Warwick,3rd,12,JUNE 2019,Bruno Bellbrook
71,Brod Blunden,Male,12/01/1990,bblunden1y@purevolume.com,Horton,8 Anniversary Pass,BS37,+44-196-724-4904,William Gilbert College,1st,18,JUNE 2019,Stacey Broad
72,Shel Bolzen,Female,02/06/1990,sbolzen1z@cafepress.com,Kinloch,48941 Debra Place,PH43,+44-230-776-5085,"Institute of Latin American Studies, University of London",2:1,25,JUNE 2019,Fifi Etton
73,Matilda Mattiessen,Female,26/04/1992,mmattiessen20@tiny.cc,Church End,117 Steensland Terrace,N3,+44-984-752-1721,"University of the West of England, Bristol",2:2,25,JUNE 2019,Fifi Etton
74,Georgette Giacomo,Female,25/10/1994,ggiacomo21@tinypic.com,Merton,80090 Fairview Avenue,SW19,+44 (390) 609-9150,University of Worcester,3rd,18,JUNE 2019,Bruno Bellbrook
75,Hubey Brookes,Male,14/01/1996,hbrookes22@unicef.org,Swindon,50 Trailsway Trail,SN1,,Nottingham Trent University,1st,18,JUNE 2019,Stacey Broad
76,Hanni Katt,Female,26/10/1991,hkatt23@4shared.com,Milton,6687 Holmberg Circle,AB56,+44 (633) 260-7699,University of Plymouth,2:2,20,JUNE 2019,Doris Bellasis
77,Willow Gaywood,,19/10/1994,,Norton,68 Doe Crossing Trail,S8,+44 834 609 1347,"United Medical and Dental Schools, University of London",2:2,05,JUNE 2019,Bruno Bellbrook
78,Phillipp O'Scanlon,Male,23/08/1998,poscanlon25@theguardian.com,,,,,American InterContinental University - London,3rd,,,
79,Jeanne Brayne,Female,17/02/1999,jbrayne26@deviantart.com,Liverpool,7 Summer Ridge Drive,L74,+44 556 903 8921,University of Bradford,2:2,12,JUNE 2019,Doris Bellasis
80,Joana Frawley,Female,08/10/1995,jfrawley27@exblog.jp,Norton,69621 Oxford Avenue,NN11,+44 427 250 2488,University of Cambridge,3rd,04,JUNE 2019,Gismo Tilling
81,Kingston Comsty,Male,09/01/1992,kcomsty28@technorati.com,Linton,0 Manufacturers Drive,BD23,,De Montfort University Leicester,2:2,06,JUNE 2019,Sunny Sladefield
82,York Sygroves,Male,27/07/1993,ysygroves29@utexas.edu,Horton,10117 Stuart Court,BS37,+44-256-537-3061,Cardiff University,3rd,18,JUNE 2019,Fifi Etton
83,Camel Miguet,Female,10/05/1994,cmiguet2a@networksolutions.com,Buckland,52 Utah Avenue,CT16,+44 (166) 148-1160,University of Cambridge,3rd,12,JUNE 2019,Doris Bellasis
84,Vina Fodden,Female,,vfodden2b@cpanel.net,Edinburgh,44536 Pawling Point,EH9,,"St.Patrick's International College, London",2:1,20,JUNE 2019,Fifi Eton
85,Sawyere Paskell,Male,27/09/1997,spaskell2c@japanpost.jp,Twyford,877 Pierstorff Junction,LE14,+44 (329) 822-1642,"Institute of Latin American Studies, University of London",3rd,05,JUNE 2019,Rupert Ripple
86,Zeb Tippings,Male,02/09/1991,ztippings2d@is.gd,Brampton,365 Village Avenue,NR34,+44 (364) 346-0342,"University of Wales, Swansea",2:2,12,JUNE 2019,Doris Bellasis
87,Nil Iacovo,Male,10/02/1995,niacovo2e@wufoo.com,Newton,709 Vernon Drive,IV1,,Trinity College Carmarthen,2:1,18,JUNE 2019,Rupert Ripple
88,Aurora Jimson,Female,15/12/1992,ajimson2f@redcross.org,Newton,2878 Esch Court,NG34,+44 318 675 1608,University of Birmingham,3rd,27,JUNE 2019,Doris Bellasis
89,Garrick Fairbanks,Male,,gfairbanks2g@cbslocal.com,Twyford,63 Chinook Plaza,LE14,+44 (868) 486-4979,University of Edinburgh,2:1,05,JUNE 2019,Stacey Broad
90,Helena Swire,Female,,hswire2h@parallels.com,Edinburgh,00907 Crest Line Pass,EH9,+44 (857) 459-4008,Bournemouth University,2:1,18,JUNE 2019,Fifi Eton
91,Francklin Warrington,Male,02/03/1993,fwarrington2i@businessweek.com,Eaton,6745 Pierstorff Avenue,DN22,,Trinity College Carmarthen,2:1,25,JUNE 2019,Gismo Tilling
92,Dorene Franschini,Female,29/09/1998,dfranschini2j@ocn.ne.jp,Bristol,5 Oakridge Plaza,BS41,+44 (395) 994-8780,Canterbury Christ Church University,2:2,12,JUNE 2019,Gismo Tilling
93,Richardo Leaf,Male,13/03/1997,rleaf2k@rakuten.co.jp,London,4 Vahlen Court,EC1V,+44 152 466 4270,University of Leeds,2:1,,,
94,Valerye Hobbing,Female,19/07/1998,vhobbing2l@php.net,Brampton,913 High Crossing Hill,NR34,+44-900-515-4389,University of Northumbria at Newcastle,2:2,13,JUNE 2019,Gismo Tilling
95,Diana Webby,Female,12/04/1992,dwebby2m@weather.com,Birmingham,21701 Helena Drive,B40,+44 (790) 470-6406,Cranfield University,2:1,11,JUNE 2019,Rupert Ripple
96,Harcourt Eastmond,Male,24/04/1998,heastmond2n@google.nl,Seaton,9 Vera Plaza,LE15,+44-368-409-0957,"University of Wales, Swansea",1st,,,
97,Ginevra Paice,Female,18/05/1998,gpaice2o@mediafire.com,London,8 Susan Place,SW1E,+44 903 303 4840,University of Bath,3rd,18,JUNE 2019,Doris Bellasis
98,Chane Wetwood,Male,20/10/1995,,Newbiggin,957 Duke Pass,NE46,+44-934-755-7055,"Institute of Classical Studies, University of London",1st,18,JUNE 2019,Gismo Tilling
99,Maud Raubheim,Female,23/03/1997,mraubheim2q@chicagotribune.com,Seaton,0 Goodland Avenue,LE15,+44 885 768 6816,,,,,
100,Barbra Polleye,,,,Bradford,1 Barnett Terrace,BD7,+44 770 871 6477,"University College London, University of London",2:1,18,JUNE 2019,Gismo Tilling
101,Shelbi Waddingham,Female,02/11/1991,swaddingham2s@goo.ne.jp,Sutton,976 Huxley Hill,RH5,+44 776 872 6201,University of Northumbria at Newcastle,2:1,18,JUNE 2019,Stacey Broad
102,Luce Folger,Male,27/06/1998,lfolger2t@ftc.gov,London,78504 Maple Pass,SW1E,+44 (426) 571-1150,University of Hull,3rd,,,
103,Jolie Landsman,Female,17/09/1994,jlandsman2u@miibeian.gov.cn,Church End,35880 5th Point,N3,+44 427 501 9119,University of Durham,2:1,,,
104,Lenora Gannicott,Female,13/06/1991,lgannicott2v@google.com.hk,Swindon,28 Dawn Court,SN1,,"London School of Economics and Political Science, University of London",3rd,19,JUNE 2019,Rupert Ripple
105,Aindrea Normanvill,Female,18/08/1993,anormanvill2w@biglobe.ne.jp,Wootton,37453 Monterey Trail,NN4,+44 (997) 399-1541,Falmouth University,1st,18,JUNE 2019,Doris Bellasis
106,Annamaria Redhole,Female,03/09/1996,aredhole2x@unicef.org,Eaton,3845 Harbort Court,DN22,+44 (205) 260-5103,Bournemouth University,2:1,26,JUNE 2019,Fifi Eton
107,Sarah Magor,Female,24/09/1999,smagor2y@answers.com,Newton,8 Hoard Way,IV1,,Southampton Solent University,2:1,20,JUNE 2019,Doris Bellasis
108,Zacharie Bann,Male,11/11/1990,zbann2z@yellowpages.com,Buckland,1 Blue Bill Park Junction,CT16,+44-983-294-8078,Camberwell College of Arts,2:1,27,JUNE 2019,Bruno Bellbrook
109,Simonne Reggler,Female,29/02/1996,sreggler30@pbs.org,Seaton,380 Butterfield Park,LE15,,,,26,JUNE 2019,Gismo Tilling
110,Vernon Curl,Male,11/08/1993,vcurl31@fc2.com,Glasgow,80 Maple Wood Alley,G4,+44 649 161 1446,Anglia Ruskin University,2:2,04,JUNE 2019,Gismo Tilling
111,Waylon Currall,,29/01/1998,wcurrall32@wikipedia.org,Upton,3184 Center Street,WF9,+44 (976) 734-3641,Nottingham Trent University,3rd,06,JUNE 2019,Stacey Broad
112,Cindee Keningley,Female,15/01/2000,,Newport,56 Eliot Point,NR29,+44 (872) 674-1607,"St.Patrick's International College, London",2:2,,,
113,Bridie Tosh,Female,28/01/1994,btosh34@theatlantic.com,Swindon,297 Mitchell Drive,SN1,+44 426 934 7411,University of Buckingham,2:2,26,JUNE 2019,Rupert Ripple
114,Savina Phythien,Female,15/01/2000,sphythien35@bbc.co.uk,Whitchurch,516 Lakewood Gardens Park,BS14,+44 901 874 5571,University of Edinburgh,1st,27,JUNE 2019,Stacey Broad
115,Cleveland Vasyukhin,Male,,cvasyukhin36@mayoclinic.com,Milton,0 Meadow Ridge Avenue,NG22,+44 481 607 4509,University of Portsmouth,3rd,19,JUNE 2019,Gismo Tilling
116,Katherina Bowton,Female,18/01/1994,kbowton37@tinyurl.com,Church End,559 Namekagon Road,CB4,+44-427-948-9740,"University of Halifax, Birmingham Campus",2:1,26,JUNE 2019,Sunny Sladefield
117,Gerladina Gannon,Female,13/05/1999,ggannon38@cbsnews.com,Bristol,4 Spohn Way,BS41,+44 (206) 787-0138,University of Newcastle-upon-Tyne,2:1,27,JUNE 2019,Rupert Ripple
118,Giustina Catford,Female,18/08/1998,gcatford39@linkedin.com,Thorpe,01 Prairieview Junction,BD23,+44-630-605-0048,London Business School,2:1,06,JUNE 2019,Gismo Tilling
119,Fidel Norval,Male,16/11/1996,fnorval3a@ebay.co.uk,Marston,6 Hermina Circle,ST20,+44 (725) 693-5614,"Courtauld Institute of Art, University of London",2:2,19,JUNE 2019,Rupert Ripple
120,Kim Bester,Male,08/10/1997,kbester3b@reverbnation.com,Seaton,10438 Moland Way,LE15,+44 957 574 6649,Cranfield University,2:2,26,JUNE 2019,Rupert Ripple
121,Nomi Verne,Female,12/01/1996,nverne3c@biglobe.ne.jp,West End,18679 Melody Court,DN36,+44 (268) 543-3084,Richmond University - The American International University in London,1st,05,JUNE 2019,Bruno Bellbrook
122,Verla Di Antonio,Female,10/01/2000,vdi3d@behance.net,Sheffield,838 North Pass,S33,+44 322 159 5602,University of Westminster,2:1,05,JUNE 2019,Rupert Ripple
123,Cale de Quesne,Male,12/02/1991,cde3e@abc.net.au,,,,+44 (367) 922-3025,"Heythrop College, University of London",2:1,12,JUNE 2019,Fifi Eton
124,Cherrita Allchorne,Female,13/11/1990,callchorne3f@1688.com,Birmingham,1 2nd Circle,B40,+44 458 809 9480,University of Hull,3rd,26,JUNE 2019,Bruno Bellbrook
125,Lesya Pygott,Female,24/02/1998,lpygott3g@elegantthemes.com,Stapleford,46981 7th Circle,LN6,+44 995 822 3157,,,,,
126,Charmain Diben,Female,23/08/1990,cdiben3h@taobao.com,Norton,3354 Homewood Parkway,NN11,+44 898 169 7494,University of Birmingham,2:2,12,JUNE 2019,Doris Bellasis
127,Hulda Bales,Female,08/09/1995,hbales3i@about.me,London,5935 Boyd Avenue,WC2H,+44-922-110-2886,The American University in London,2:2,25,JUNE 2019,Gismo Tilling
128,Bunny Barns,Female,03/07/1998,bbarns3j@yelp.com,Horton,59200 5th Trail,BS37,+44 (675) 132-1046,Glasgow Caledonian University,3rd,13,JUNE 2019,Fifi Etton
129,Malvina Whiteford,Female,09/12/1996,,Twyford,56620 Morning Junction,LE14,+44 (511) 443-5875,The American University in London,2:1,11,JUNE 2019,Rupert Ripple
130,Elsie Fursland,Female,05/11/1990,efursland3l@senate.gov,Brampton,906 Burning Wood Crossing,NR34,,Chelsea College of Art and Design,1st,04,JUNE 2019,Bruno Bellbrook
131,Ebeneser Handy,Male,09/01/1992,ehandy3m@hp.com,Marston,02 Evergreen Center,ST20,+44 (976) 602-9016,Aston University,1st,05,JUNE 2019,Fifi Etton
132,Marvin Gorger,Male,06/03/1996,mgorger3n@eepurl.com,Sheffield,426 Everett Place,S1,+44-941-816-5861,"Royal Free Hospital School of Medicine, University of London",2:2,19,JUNE 2019,Stacey Broad
133,Rosalinde Smallshaw,Female,26/09/1998,rsmallshaw3o@tinyurl.com,Ashley,21 Lawn Point,SN13,+44 (621) 494-1071,,,19,JUNE 2019,Doris Bellasis
134,Rosalinda Frizzell,Female,13/09/1990,rfrizzell3p@disqus.com,Hatton,65 Corscot Court,CV35,+44 246 952 8145,University of East Anglia,2:1,26,JUNE 2019,Gismo Tilling
135,Sophey Skypp,Female,24/06/1993,sskypp3q@nytimes.com,Whitchurch,763 Onsgard Junction,BS14,+44 894 130 0434,"School of Slavonic and East European Studies, University of London",3rd,25,JUNE 2019,Sunny Sladefield
136,Consolata Maudlen,Female,17/01/1998,cmaudlen3r@altervista.org,Church End,60 Grim Plaza,CB4,+44 (909) 337-2823,University of York,2:2,12,JUNE 2019,Gismo Tilling
137,Skip Fitzmaurice,,09/05/1991,sfitzmaurice3s@cbc.ca,Bradford,11 Park Meadow Place,BD7,+44 (250) 784-7260,Anglia Ruskin University,3rd,,,
138,Maren Burgott,Female,17/02/1990,mburgott3t@ocn.ne.jp,Middleton,53 New Castle Junction,LE16,+44-337-257-4799,University of Gloucestershire,1st,25,JUNE 2019,Sunny Sladefield
139,Hale Godbald,Male,05/01/2000,hgodbald3u@ucla.edu,Carlton,76 Onsgard Trail,DL8,+44 184 828 7718,Imperial College School of Medicine,3rd,19,JUNE 2019,Gismo Tilling
140,Hilliard Trusse,Male,05/10/1993,htrusse3v@cafepress.com,Dean,813 Birchwood Plaza,OX7,+44 337 210 2184,Cardiff University,2:1,18,JUNE 2019,Doris Bellasis
141,Melli Richardet,Female,20/11/1990,mrichardet3w@arstechnica.com,Liverpool,4671 Ridge Oak Road,L74,+44-886-404-2913,"Institute of Latin American Studies, University of London",3rd,13,JUNE 2019,Rupert Ripple
142,Wade Friedenbach,Male,15/02/1994,wfriedenbach3x@opera.com,Manchester,941 Center Lane,M14,+44 278 904 2859,University of Wales College of Medicine,2:1,04,JUNE 2019,Rupert Ripple
143,Brian Geard,Male,08/05/1990,bgeard3y@clickbank.net,Kinloch,386 Chinook Plaza,PH43,+44-879-612-3239,Warnborough University,2:1,26,JUNE 2019,Stacey Broad
144,GUIDO LASSELLS,Male,20/06/1998,glassells3z@bandcamp.com,Aston,72 Rigney Point,TF6,+44 902 621 9230,Aston University,1st,13,JUNE 2019,Stacey Broad
145,Walden Lavelle,Male,04/07/1993,wlavelle40@google.com.br,Buckland,12 Melody Court,CT16,+44 243 715 2726,London Institute of Management and Technology,1st,13,JUNE 2019,Rupert Ripple
146,Shelden Sheraton,Male,12/12/1997,ssheraton41@hud.gov,London,837 Derek Junction,WC2H,+44 (235) 625-5141,University of Dundee,1st,20,JUNE 2019,Doris Bellasis
147,Kacey Smurthwaite,Female,,ksmurthwaite42@quantcast.com,,,,+44 855 662 2434,"University of the West of England, Bristol",2:1,27,JUNE 2019,Rupert Ripple
148,Tracee Hawkswood,Female,29/08/1998,thawkswood43@dyndns.org,Burnside,64613 Hoffman Point,EH52,,Anglia Ruskin University,3rd,05,JUNE 2019,Bruno Bellbrook
149,Stewart Stapleford,Male,05/01/1994,sstapleford44@list-manage.com,Tullich,9 Ramsey Park,AB55,+44 294 990 3430,University of Lincoln,1st,11,JUNE 2019,Stacey Broad
150,Calv Silverman,Male,28/09/1996,csilverman45@amazonaws.com,London,03 Eliot Road,EC1V,+44 (445) 180-3460,University of Derby,1st,27,JUNE 2019,Fifi Etton
151,Claire Reville,Male,26/01/1991,creville46@mysql.com,Glasgow,86 Sachs Point,G4,+44-113-666-7008,Imperial College London,1st,26,JUNE 2019,Gismo Tilling
152,Audrye Walkingshaw,Female,14/06/1998,awalkingshaw47@go.com,Whitchurch,450 Paget Drive,BS14,+44-210-391-3907,"School of Oriental and African Studies, University of London",2:1,13,JUNE 2019,Doris Bellasis
153,Selle McKeowon,Female,09/03/1996,smckeowon48@hud.gov,Newtown,83258 Troy Court,RG20,+44 288 664 0915,"Saint George's Hospital Medical School, University of London",3rd,20,JUNE 2019,Fifi Etton
154,Bird Hatfield,Female,29/11/1994,bhatfield49@go.com,West End,88662 Debra Plaza,DN36,+44 (442) 945-7442,University of Westminster,2:1,20,JUNE 2019,Bruno Bellbrook
155,Derrik Lumbers,Male,26/10/1993,dlumbers4a@independent.co.uk,Edinburgh,11 Green Park,EH9,,The American University in London,2:1,05,JUNE 2019,Bruno Bellbrook
156,Aldis Bridgement,Male,12/03/1992,abridgement4b@ustream.tv,Wootton,6 Fair Oaks Parkway,NN4,,University of Aberdeen,3rd,,,
157,Pace Raine,Male,18/06/1992,praine4c@scribd.com,Marston,6 Autumn Leaf Center,ST20,+44 191 894 5523,University of Huddersfield,1st,13,JUNE 2019,Stacey Broad
158,Briant Pope,Male,03/02/2000,bpope4d@patch.com,Pentre,9 Aberg Park,SY4,+44-876-484-3570,University of Bristol,2:1,26,JUNE 2019,Doris Bellasis
159,Vladamir Waddams,Male,30/11/1991,vwaddams4e@uol.com.br,Kingston,246 Katie Park,DT10,+44-443-761-1496,"University of Wales, Bangor",3rd,04,JUNE 2019,Stacey Broad
160,Jecho Rousel,Male,20/11/1998,jrousel4f@marketwatch.com,East End,19 Grover Plaza,BH21,+44-261-951-1864,Newport International University,3rd,05,JUNE 2019,Doris Bellasis
161,Karney Tallboy,Male,24/08/1991,ktallboy4g@liveinternet.ru,Pentre,094 Tony Crossing,SY4,+44 122 652 2196,ifs University College,2:2,27,JUNE 2019,Gismo Tilling
162,Titus Dechelle,Male,05/07/1995,tdechelle4h@usatoday.com,Leeds,30153 Charing Cross Trail,LS6,+44 (482) 520-7946,University of Northumbria at Newcastle,3rd,27,JUNE 2019,Doris Bellasis
163,Ronda Budcock,Female,01/10/1990,rbudcock4i@nifty.com,Ashley,850 Texas Point,SN13,+44-610-239-7870,University of Wales,1st,04,JUNE 2019,Fifi Eton
164,Roch Bolzen,Female,16/08/1998,rbolzen4j@marriott.com,Upton,6868 Waubesa Avenue,WF9,+44 (393) 475-5512,University of Kent at Canterbury,1st,,,
165,Lexine Rapson,Female,30/05/1997,lrapson4k@sciencedaily.com,Twyford,793 Dawn Road,LE14,+44 (434) 129-1059,"University of Wales, Lampeter",2:2,18,JUNE 2019,Fifi Eton
166,Gabrielle Trustram,Female,27/11/1999,gtrustram4l@networkadvertising.org,Newport,379 Pierstorff Parkway,NR29,+44 164 840 0954,London College of Science & Technology,2:1,,,
167,Osbourne Witherdon,Male,03/02/1992,owitherdon4m@bbb.org,Langley,05 Laurel Park,SG4,+44 217 999 5071,London Metropolitan University,2:1,27,JUNE 2019,Bruno Bellbrook
168,Cati Dumphries,Female,09/05/1996,cdumphries4n@yahoo.com,Denton,0550 Thompson Terrace,M34,+44 (129) 823-5510,London Institute of Management and Technology,2:1,18,JUNE 2019,Doris Bellasis
169,Jayne Andriveau,Female,21/07/1990,jandriveau4o@multiply.com,Wirral,2318 Sachs Lane,CH48,+44 313 501 6342,University of Gloucestershire,2:1,11,JUNE 2019,Rupert Ripple
170,Eamon Falls,Male,,efalls4p@yelp.com,Tullich,8 Melvin Court,AB55,+44-752-145-1355,London School of Jewish Studies,2:2,26,JUNE 2019,Doris Bellasis
171,Betsey Chadwell,Female,30/07/1993,bchadwell4q@marketwatch.com,Edinburgh,90718 Becker Hill,EH9,+44 512 275 7972,University of North London,3rd,05,JUNE 2019,Doris Bellasis
172,Elliot Sarsfield,Male,01/07/1998,esarsfield4r@altervista.org,Thorpe,1754 High Crossing Park,BD23,+44-581-245-6540,University of Strathclyde,1st,06,JUNE 2019,Rupert Ripple
173,Norbert Dye,Male,21/02/1992,,Twyford,62224 Texas Road,LE14,+44 270 895 4460,"University of Wales, Lampeter",2:1,19,JUNE 2019,Doris Bellasis
174,Fremont Esser,Male,21/03/1992,fesser4t@ifeng.com,Birmingham,6994 Hoard Pass,B40,+44-248-323-9192,"Warburg Institute, University of London",2:1,,,
175,Tate Coade,Male,27/03/1999,tcoade4u@people.com.cn,Carlton,93 Montana Place,DL8,+44 492 356 6551,,,06,JUNE 2019,Sunny Sladefield
176,Emeline Whistance,Female,04/03/1999,ewhistance4v@upenn.edu,Hatton,95 Algoma Point,CV35,+44 142 558 1482,University of Aberdeen,2:1,20,JUNE 2019,Doris Bellasis
177,Conrad Chadney,Male,12/02/1992,cchadney4w@bloglines.com,London,662 Northport Way,WC1B,+44-265-331-5130,University of Gloucestershire,2:1,06,JUNE 2019,Doris Bellasis
178,Staffard Load,Male,24/09/1995,sload4x@ovh.net,Milton,70 Arizona Drive,AB56,+44 (376) 678-5732,"University of Wales, Bangor",2:1,13,JUNE 2019,Sunny Sladefield
179,Fraser Hurnell,Male,,fhurnell4y@amazonaws.com,Newton,4 Graceland Park,IV1,+44-639-659-9853,Aga Khan University,2:1,04,JUNE 2019,Gismo Tilling
180,Worthington Richford,Male,08/03/1994,wrichford4z@virginia.edu,Bradford,5 Birchwood Center,BD7,+44-207-271-5193,"University of Wales, Lampeter",1st,11,JUNE 2019,Stacey Broad
181,Robenia Landor,Female,27/08/1990,rlandor50@mozilla.com,Church End,42 North Alley,N3,+44-277-905-6306,University of Bolton,2:1,27,JUNE 2019,Doris Bellasis
182,Nina MacMenamin,Female,25/01/1990,nmacmenamin51@senate.gov,Bristol,7027 Jackson Lane,BS41,+44 637 883 8473,Newport International University,2:2,,,
183,Claudio Handrick,Male,18/04/1999,chandrick52@independent.co.uk,Ford,28 Trailsway Road,GL54,+44 487 315 5447,University of Southampton,2:1,05,JUNE 2019,Stacey Broad
184,Nevil Rickerby,Male,01/07/1991,nrickerby53@live.com,Milton,8 Moose Hill,AB56,+44 (905) 565-9423,Cardiff University,2:1,06,JUNE 2019,Doris Bellasis
185,Khalil Vosper,Male,18/12/1999,kvosper54@fema.gov,Liverpool,48 Warrior Crossing,L74,+44-625-149-0685,The Manchester Metropolitan University,2:1,19,JUNE 2019,Rupert Ripple
186,Sal Rignoldes,Male,23/11/1996,srignoldes55@creativecommons.org,Stapleford,0127 Browning Alley,LN6,+44-648-762-5019,Trinity College Carmarthen,2:2,20,JUNE 2019,Doris Bellasis
187,Prescott Alfuso,Male,29/12/1997,palfuso56@dropbox.com,Aston,07628 Stuart Avenue,TF6,+44-534-997-7459,London School of Jewish Studies,3rd,25,JUNE 2019,Stacey Broad
188,Herold Prudham,Male,18/06/1999,hprudham57@mail.ru,Milton,0 Dovetail Lane,AB56,+44-201-700-4064,,,06,JUNE 2019,Rupert Ripple
189,Malcolm Raubenheimer,Male,30/09/1999,mraubenheimer58@noaa.gov,Newport,59 Oak Valley Place,NR29,+44 (259) 445-9795,University of York,2:2,,,
190,Shermy Swancock,Male,06/09/1994,sswancock59@webeden.co.uk,West End,702 Vidon Street,DN36,+44 616 279 5749,Buckinghamshire New University,3rd,19,JUNE 2019,Fifi Etton
191,Robin Fugere,Male,26/10/1990,rfugere5a@parallels.com,Whitwell,159 Eastlawn Street,DL10,+44-649-271-0850,The Queen's University Belfast,2:1,19,JUNE 2019,Bruno Bellbrook
192,Terrell Orridge,Male,14/12/1998,,Horton,4 Maryland Way,BS37,+44 215 801 6159,Southampton Solent University,2:1,18,JUNE 2019,Gismo Tilling
193,Donalt Julyan,Male,18/05/1998,djulyan5c@yellowpages.com,Birmingham,779 Nevada Parkway,B12,+44 596 196 5574,"Goldsmiths College, University of London",2:2,11,JUNE 2019,Fifi Eton
194,Monah Menci,Female,07/06/1992,mmenci5d@infoseek.co.jp,London,47 Ilene Parkway,EC3M,+44 (464) 838-8899,"London School of Hygiene & Tropical Medicine, University of London",2:1,11,JUNE 2019,Doris Bellasis
195,Dev McPherson,Male,04/07/1994,dmcpherson5e@whitehouse.gov,Bristol,4451 Oxford Avenue,BS41,+44-639-913-8093,University of Wales,3rd,11,JUNE 2019,Bruno Belbrook
196,Shandeigh Birchett,Female,17/04/1999,sbirchett5f@washington.edu,Linton,55 Aberg Crossing,BD23,+44 126 118 1405,London School of Jewish Studies,2:2,11,JUNE 2019,Sunny Sladefield
197,Muhammad Percy,Male,24/12/1998,mpercy5g@squarespace.com,Kinloch,1388 Upham Alley,PH43,,Buckinghamshire New University,2:1,12,JUNE 2019,Rupert Ripple
198,Shandeigh Ilyushkin,Female,19/07/1990,silyushkin5h@marriott.com,Langley,12 Hoard Hill,SG4,,The Robert Gordon University,2:1,04,JUNE 2019,Sunny Sladefield
199,Judie Lowy,Female,07/11/2000,jlowy5i@ow.ly,Kinloch,95 Comanche Junction,PH43,+44-727-161-4325,University of Leicester,3rd,25,JUNE 2019,Rupert Ripple
200,Gav Molson,Male,26/06/1994,gmolson5j@goo.gl,Aberdeen,7 Merrick Lane,AB39,+44 (812) 354-8995,University of Buckingham,2:2,20,JUNE 2019,Bruno Bellbrook
201,Siegfried Gerleit,Male,07/07/1994,sgerleit5k@thetimes.co.uk,London,044 Northridge Terrace,WC1B,+44-780-682-3303,"St.Patrick's International College, London",2:1,26,JUNE 2019,Fifi Eton
202,BENEDICK DE ROBERTO,Male,25/02/1994,bde5l@thetimes.co.uk,Norton,34597 Warner Crossing,S8,+44-201-727-7841,,,18,JUNE 2019,Rupert Ripple
203,Lanna Milley,Female,28/04/1990,lmilley5m@mapy.cz,London,86538 Norway Maple Hill,W1F,+44-587-851-8456,"Saint George's Hospital Medical School, University of London",3rd,06,JUNE 2019,Bruno Bellbrook
204,Tadio Goullee,Male,07/07/1995,tgoullee5n@statcounter.com,Kinloch,925 Stuart Pass,PH43,+44 (362) 243-7625,University of Nottingham,2:2,20,JUNE 2019,Rupert Ripple
205,Katalin Redley,Female,,kredley5o@chicagotribune.com,Swindon,9943 Memorial Circle,SN1,+44 (718) 815-0063,Heriot-Watt University,3rd,04,JUNE 2019,Bruno Belbrook
206,Lea Normington,Female,16/09/1990,lnormington5p@w3.org,Liverpool,06655 Messerschmidt Trail,L33,,University of Glamorgan,3rd,26,JUNE 2019,Bruno Bellbrook
207,Charleen Feldberger,Female,08/04/1991,cfeldberger5q@telegraph.co.uk,Aberdeen,1063 Huxley Parkway,AB39,+44 223 460 3549,Swansea Metropolitan University,2:1,26,JUNE 2019,Bruno Bellbrook
208,Cornelia Artist,Female,18/10/1997,cartist5r@sakura.ne.jp,London,43 Stuart Alley,WC1B,+44 647 576 7907,"Goldsmiths College, University of London",1st,18,JUNE 2019,Sunny Sladefield
209,Vincenty Roubay,Male,24/12/1991,vroubay5s@google.com,Newport,9693 Dennis Avenue,NR29,+44 (862) 707-1602,University of Dundee,2:2,11,JUNE 2019,Bruno Bellbrook
210,Phineas Filshin,Male,01/08/2000,pfilshin5t@cdbaby.com,Church End,45 Rowland Avenue,N3,+44 909 704 6351,University of Chester,2:1,12,JUNE 2019,Doris Bellasis
211,Eadmund Errigo,Male,12/05/1997,eerrigo5u@microsoft.com,Walton,58 Northfield Terrace,CV35,+44 (265) 369-7943,,,,,
212,Kary Beeby,Female,07/02/1999,kbeeby5v@usatoday.com,Carlton,82333 Mosinee Plaza,DL8,+44 146 361 9784,City University,2:1,20,JUNE 2019,Rupert Ripple
213,Wilona Crean,Female,18/09/1991,wcrean5w@wikipedia.org,Kinloch,673 Hanson Junction,PH43,+44-260-154-0669,Sheffield Hallam University,3rd,26,JUNE 2019,Bruno Bellbrook
214,Merline Drewitt,Female,17/01/1990,mdrewitt5x@sphinn.com,Horton,2865 Redwing Center,BS37,+44-936-208-1635,Chelsea College of Art and Design,2:2,,,
215,Ingunna Tingcomb,Female,16/06/1996,itingcomb5y@unicef.org,Whitwell,21 Kinsman Point,DL10,+44 911 859 2665,University of Durham,2:2,,,
216,Carlynne Keal,Female,01/04/1991,,Preston,2 Hanover Avenue,PR1,,University of Wales,2:1,26,JUNE 2019,Fifi Eton
217,Westbrook Paynton,Male,15/04/1992,wpaynton60@barnesandnoble.com,Carlton,61 Gina Junction,DL8,+44 804 853 5144,Warnborough University,3rd,12,JUNE 2019,Rupert Ripple
218,Corby McCambridge,Male,11/04/1990,cmccambridge61@globo.com,Newton,00 Sage Pass,NG34,+44 (101) 114-0334,London School of Jewish Studies,1st,06,JUNE 2019,Doris Bellasis
219,Melamie Keers,Female,04/08/1999,mkeers62@g.co,Sheffield,10545 Eliot Street,S33,+44 174 668 0998,"Royal College of Music, University of London",2:2,11,JUNE 2019,Rupert Ripple
220,Marillin Rosendall,Female,29/06/1994,mrosendall63@icq.com,Newton,3464 1st Way,IV1,+44 (435) 388-0295,University of Liverpool,2:2,05,JUNE 2019,Fifi Etton
221,Keen Bentham3,Male,02/03/1990,kbentham64@pbs.org,Horton,3 Lake View Place,BS37,+44 (681) 220-1314,University of Glamorgan,2:1,19,JUNE 2019,Sunny Sladefield
222,Ninette Mayston,Female,18/01/1991,nmayston65@wiley.com,Wootton,6 Spenser Hill,NN4,+44 458 800 1694,Warnborough University,2:1,,,
223,Homere Stentiford,Male,02/12/1993,hstentiford66@booking.com,Seaton,029 Bellgrove Pass,LE15,+44-450-420-2048,University of Manchester,2:2,25,JUNE 2019,Gismo Tilling
224,Muhammad Linn,Male,27/01/1994,mlinn67@is.gd,Stapleford,94760 Helena Center,LN6,+44 (355) 724-7582,,,18,JUNE 2019,Doris Bellasis
225,Barbette Sorton,Female,17/07/1994,bsorton68@weibo.com,Dean,2 Orin Plaza,OX7,+44 202 797 9795,"Institue of Historical Research, University of London",2:2,27,JUNE 2019,Sunny Sladefield
226,Bax Sweetman,Male,18/11/1999,bsweetman69@quantcast.com,Leeds,5723 Mayer Terrace,LS6,+44 512 746 1122,University of Stirling,1st,26,JUNE 2019,Doris Bellasis
227,Ambrosi Carnow,Male,25/06/1996,acarnow6a@vk.com,Seaton,1237 Dunning Trail,LE15,+44 815 683 3964,University of Durham,1st,04,JUNE 2019,Rupert Ripple
228,Mac Birkinshaw,Male,04/03/2000,mbirkinshaw6b@java.com,Seaton,67 Rutledge Pass,LE15,+44 735 530 5535,Sotheby´s Institute of Art - London,2:1,25,JUNE 2019,Bruno Bellbrook
229,Kellen Bentick,Female,28/02/1990,kbentick6c@google.es,Thorpe,57 Maryland Terrace,BD23,+44-209-431-7252,Middlesex University,2:1,25,JUNE 2019,Fifi Eton
230,Trescha Gendrich,Female,28/06/1996,tgendrich6d@ow.ly,Edinburgh,7732 Lakewood Gardens Avenue,EH9,+44 (362) 834-3808,University of Sheffield,2:1,25,JUNE 2019,Gismo Tilling
231,Fleming Taillard,Male,23/01/1992,ftaillard6e@alexa.com,Bradford,16439 8th Lane,BD7,+44 568 222 6632,,,20,JUNE 2019,Doris Bellasis
232,Elicia Broggio,Female,18/11/1997,ebroggio6f@mtv.com,East End,9 Buell Place,BH21,+44 (977) 605-4496,American InterContinental University - London,1st,18,JUNE 2019,Bruno Bellbrook
233,Paxton McGinlay,Male,,pmcginlay6g@jigsy.com,Norton,19854 Cascade Plaza,S8,+44 (183) 223-2842,University of Westminster,2:1,25,JUNE 2019,Bruno Bellbrook
234,Abbott Yea,,31/10/1995,ayea6h@npr.org,Normanton,4346 Pine View Terrace,LE15,+44 (800) 320-6672,The Robert Gordon University,3rd,12,JUNE 2019,Gismo Tilling
235,Doy Tams,Male,17/10/1991,dtams6i@rambler.ru,East End,664 Brown Hill,BH21,+44-898-923-1488,"Warburg Institute, University of London",2:1,11,JUNE 2019,Bruno Bellbrook
236,Agustin Roderighi,Male,15/09/1998,aroderighi6j@mashable.com,Carlton,74045 Eggendart Trail,DL8,+44 196 427 9530,Open University,2:2,25,JUNE 2019,Fifi Eton
237,Dominique Pulfer,Male,20/09/1999,dpulfer6k@huffingtonpost.com,Newton,878 Steensland Pass,IV1,+44-199-962-6719,"University of Wales, Aberystwyth",2:2,20,JUNE 2019,Fifi Etton
238,LENARD PEASEGOD,Male,24/10/1992,lpeasegod6l@posterous.com,Milton,51132 Katie Point,NG22,+44-988-992-4074,"Royal Free Hospital School of Medicine, University of London",2:2,,,
239,Jon Raikes,Male,16/03/2000,jraikes6m@ycombinator.com,Craigavon,85312 Fisk Way,BT66,+44 (310) 764-4431,University of Oxford,2:1,04,JUNE 2019,Sunny Sladefield
240,Myrvyn Sutherns,Male,28/09/1991,msutherns6n@toplist.cz,Sheffield,11 Kedzie Road,S33,+44 687 658 2253,University of Northumbria at Newcastle,2:1,06,JUNE 2019,Stacey Broad
241,Adler Wingatt,Male,16/05/1991,awingatt6o@gizmodo.com,Dean,4 Bowman Crossing,OX7,+44 (737) 698-7038,University of Abertay Dundee,2:1,18,JUNE 2019,Sunny Sladefield
242,Dermot Gunthorp,Male,14/04/1991,dgunthorp6p@xrea.com,Aston,002 Oak Valley Hill,TF6,+44 124 319 6781,University of York,2:1,20,JUNE 2019,Rupert Ripple
243,Gavan Soltan,Male,21/11/1990,gsoltan6q@webnode.com,Sutton,53 Holy Cross Trail,RH5,+44 (342) 921-1080,University of East London,2:2,05,JUNE 2019,Rupert Ripple
244,Jeffrey Borrell,Male,11/02/1997,jborrell6r@tamu.edu,Ashley,2839 Bartillon Avenue,SN13,,"London School of Economics and Political Science, University of London",2:1,18,JUNE 2019,Rupert Ripple
245,Jamima Sturgess,Female,25/02/1999,jsturgess6s@youku.com,London,78200 Sunnyside Crossing,SW1E,,University of Derby,1st,26,JUNE 2019,Sunny Sladefield
246,Athene Bozworth,Female,22/11/1990,abozworth6t@slashdot.org,East End,39 Mccormick Drive,BH21,+44 341 363 9928,University of Nottingham,2:2,06,JUNE 2019,Bruno Bellbrook
247,Opaline Gammon,Female,29/11/1995,ogammon6u@oracle.com,Ford,90053 Dawn Crossing,GL54,+44 726 677 3147,Richmond University - The American International University in London,2:2,12,JUNE 2019,Fifi Etton
248,Papageno Leppington,Male,21/07/2000,pleppington6v@live.com,Wirral,9 Glacier Hill Drive,CH48,+44-797-430-5406,Cranfield University,2:2,,,
249,Leelah Coggen,Female,13/11/1990,,Walton,3 Kinsman Center,CV35,+44 (921) 932-9434,"University College London, University of London",3rd,,,
250,Cari Bradlaugh,Female,12/06/1998,cbradlaugh6x@tmall.com,Swindon,08 Sugar Avenue,SN1,+44 586 275 7738,Anglia Ruskin University,2:1,27,JUNE 2019,Sunny Sladefield
251,Jaquelyn Hastelow,Female,12/04/1999,jhastelow6y@rediff.com,Linton,92 Roxbury Parkway,BD23,+44-933-137-6297,Liverpool John Moores University,2:1,,,
252,Daren Houson,Male,10/12/1997,dhouson6z@angelfire.com,Newton,12537 Huxley Alley,NG34,+44-915-872-7064,University of Leicester,1st,13,JUNE 2019,Stacey Broad
253,Rosette Crosher,Female,02/04/1995,rcrosher70@mtv.com,Langley,09 Rockefeller Road,SG4,+44 (260) 250-4973,University of Leeds,2:2,,,
254,Melony Tristram,Female,,mtristram71@shareasale.com,Edinburgh,39 Maryland Hill,EH9,+44 643 239 7807,Warnborough University,2:1,19,JUNE 2019,Stacey Broad
255,Teodoro McChesney,Male,22/08/1998,tmcchesney72@aboutads.info,Wootton,94850 Portage Way,NN4,+44 692 254 9754,Roehampton University of Surrey,3rd,27,JUNE 2019,Fifi Etton
256,Ashbey Seakes,Male,18/05/1992,aseakes73@netvibes.com,Liverpool,203 5th Lane,L33,+44-656-641-6301,University of Stirling,2:1,18,JUNE 2019,Gismo Tilling
257,Philly Jerrim,,24/10/1991,pjerrim74@xrea.com,Linton,0639 Butternut Terrace,BD23,,University of London,2:1,25,JUNE 2019,Doris Bellasis
258,Willi Goulston,Female,31/01/1990,wgoulston75@shop-pro.jp,Manchester,1 Harper Point,M14,+44-281-451-3328,"University of Wales, Swansea",2:2,13,JUNE 2019,Rupert Ripple
259,Fulton Reymers,Male,17/10/1998,freymers76@aol.com,Burnside,43396 Thierer Alley,EH52,,Aga Khan University,2:2,,,
260,Moishe Wallace,Male,19/10/1994,mwallace77@census.gov,Wootton,8 Brentwood Park,NN4,,Newport International University,3rd,,,
261,Merilee Wheelband,Female,08/12/1995,mwheelband78@spiegel.de,Kirkton,8 Bellgrove Plaza,KW10,,"St.Patrick's International College, London",2:2,11,JUNE 2019,Fifi Etton
262,Sandi Gurton,Female,13/10/1998,sgurton79@gnu.org,Merton,68054 Sage Street,SW19,+44 (313) 824-4854,University of Bolton,2:1,25,JUNE 2019,Bruno Bellbrook
263,Hilliard Brockett,Male,05/07/1990,hbrockett7a@edublogs.org,Kinloch,95476 Barnett Road,PH43,+44-909-975-4819,Imperial College School of Medicine,3rd,05,JUNE 2019,Sunny Sladefield
264,Berkie Brusby,Male,09/05/1996,bbrusby7b@dailymotion.com,Newton,1 Anzinger Alley,IV1,+44 248 283 5700,University of Exeter,2:1,06,JUNE 2019,Doris Bellasis
265,Bidget MacArthur,Female,23/04/1993,bmacarthur7c@1und1.de,Bradford,8919 Waxwing Plaza,BD7,,Camberwell College of Arts,2:2,12,JUNE 2019,Fifi Etton
266,Julie Condliffe,Female,15/02/1991,jcondliffe7d@ft.com,Aston,7766 Russell Road,TF6,+44 (165) 274-0545,Warnborough University,1st,04,JUNE 2019,Bruno Bellbrook
267,Andris Bradley,Male,23/10/1990,abradley7e@state.gov,Upton,89055 Tomscot Trail,WF9,+44-857-229-0343,University of Lincoln,3rd,12,JUNE 2019,Rupert Ripple
268,Al Hugonet,Male,28/10/1990,ahugonet7f@china.com.cn,Halton,71 Heffernan Park,LS9,+44 165 742 5506,University of St. Andrews,2:1,04,JUNE 2019,Fifi Etton
269,Edward Gallop,Male,19/12/2000,egallop7g@usatoday.com,Preston,1 Debs Parkway,PR1,+44 805 101 9371,University of Durham,2:2,04,JUNE 2019,Fifi Eton
270,Ash Hansen,Male,19/11/1990,ahansen7h@live.com,Milton,83 Springview Pass,NG22,+44 627 179 5289,University of Reading,2:2,04,JUNE 2019,Doris Bellasis
271,Percival Berrycloth,Male,13/03/1999,pberrycloth7i@wsj.com,Birmingham,468 Barnett Way,B40,,"School of Oriental and African Studies, University of London",3rd,04,JUNE 2019,Rupert Ripple
272,Aretha Rosenboim,Female,17/09/1996,arosenboim7j@youku.com,Langley,3560 Little Fleur Drive,SG4,+44 (442) 313-8572,American InterContinental University - London,2:2,13,JUNE 2019,Rupert Ripple
273,Claresta Poundford,Female,08/02/2000,cpoundford7k@istockphoto.com,Stapleford,7 Dottie Plaza,LN6,+44-735-269-6407,The Queen's University Belfast,2:2,06,JUNE 2019,Doris Bellasis
274,Maryanna Seeney,Female,10/11/1996,mseeney7l@about.me,London,075 Bartelt Park,EC1V,,Trinity College Carmarthen,2:1,11,JUNE 2019,Gismo Tilling
275,Cassaundra Yuill,Female,18/04/1998,cyuill7m@desdev.cn,Merton,0 Moulton Junction,SW19,+44 (564) 859-7792,University of Ulster,2:1,19,JUNE 2019,Rupert Ripple
276,Burgess Orchart,Male,17/01/2000,borchart7n@cafepress.com,Liverpool,229 East Parkway,L33,+44 632 199 2742,University Campus Suffolk,2:2,27,JUNE 2019,Doris Bellasis
277,Berkly Ferre,Male,,bferre7o@techcrunch.com,Swindon,4 Waubesa Terrace,SN1,+44 (469) 350-6057,Glasgow Caledonian University,3rd,,,
278,Patrice Dowe,Male,27/09/1998,pdowe7p@seattletimes.com,Preston,97377 Meadow Vale Terrace,PR1,+44-961-726-5667,University of Manchester,2:2,18,JUNE 2019,Sunny Sladefield
279,Baily Camidge,Male,19/12/2000,bcamidge7q@opensource.org,Birmingham,4993 Hintze Trail,B12,+44-941-344-2188,The American University in London,2:2,20,JUNE 2019,Fifi Eton
280,Padgett Crennan,Male,10/09/1999,pcrennan7r@wikimedia.org,Sheffield,59 Norway Maple Lane,S33,+44-454-979-2707,University of London,2:1,12,JUNE 2019,Bruno Bellbrook
281,Gabrila Chasier,Female,06/08/1992,gchasier7s@homestead.com,Upton,4994 Fulton Court,DN21,+44-922-793-5165,"Institute of Education, University of London",2:1,20,JUNE 2019,Doris Bellasis
282,Kimmi Edgecumbe,Female,10/03/1996,kedgecumbe7t@fema.gov,Newton,9919 Dunning Plaza,IV1,+44-749-549-0410,Keele University,2:2,12,JUNE 2019,Bruno Bellbrook
283,Levy Standage,Male,,lstandage7u@vk.com,Aberdeen,9853 Arizona Parkway,AB39,,International Colleges of Islamic Science,2:1,25,JUNE 2019,Bruno Bellbrook
284,Muffin Jandel,Female,02/04/1994,mjandel7v@accuweather.com,Horton,4 Namekagon Center,BS37,,Liverpool John Moores University,2:1,20,JUNE 2019,Stacey Broad
285,Calida Behr,Female,09/12/1994,cbehr7w@mayoclinic.com,Pentre,31 Fieldstone Park,SY4,+44 913 803 2284,Napier University,2:2,18,JUNE 2019,Sunny Sladefield
286,Eddy Smuth,Female,05/07/1992,esmuth7x@deviantart.com,Thorpe,90737 Northport Center,BD23,+44 707 913 6047,"University of Halifax, Birmingham Campus",2:1,26,JUNE 2019,Rupert Ripple
287,Jeannette Willans,Female,11/11/1995,jwillans7y@ucla.edu,Milton,19 Rowland Way,NG22,+44 (993) 827-2937,University of Wolverhampton,2:1,26,JUNE 2019,Doris Bellasis
288,Mora Joutapavicius,Female,31/05/1992,mjoutapavicius7z@bigcartel.com,Milton,15392 La Follette Trail,NG22,+44 502 822 7524,University of Glasgow,2:2,18,JUNE 2019,Stacey Broad
289,Enrichetta Broadley,Female,27/02/1997,ebroadley80@adobe.com,Whitchurch,09457 Pierstorff Parkway,BS14,+44-115-366-7197,"Royal Academy of Music, University of London",2:2,,,
290,Tadeas Bidmead,Male,25/07/1994,tbidmead81@icq.com,Langley,7847 Maple Circle,SG4,+44-552-195-6053,University of Northampton,2:2,18,JUNE 2019,Gismo Tilling
291,Mathian Crews,Male,17/12/1990,mcrews82@cocolog-nifty.com,Merton,910 Coleman Street,SW19,+44 200 805 4684,University of Paisley,1st,18,JUNE 2019,Doris Bellasis
292,Matthiew Tumbridge,Male,25/05/1998,mtumbridge83@squidoo.com,Church End,034 Pine View Lane,N3,+44 646 291 7494,British College of Osteopathic Medicine,2:1,04,JUNE 2019,Gismo Tilling
293,Orton Borer,Male,17/02/1999,oborer84@angelfire.com,Norton,28 Schlimgen Drive,S8,+44 (571) 534-8988,University of Edinburgh,2:2,12,JUNE 2019,Rupert Ripple
294,Tirrell Tabart,Male,19/11/1992,ttabart85@wikia.com,Twyford,31 Cody Court,LE14,+44 184 950 8071,Sotheby´s Institute of Art - London,2:2,26,JUNE 2019,Fifi Eton
295,Leeanne Allsepp,Female,24/04/1994,lallsepp86@samsung.com,Birmingham,1821 Eggendart Parkway,B12,+44 (318) 606-3641,"University of Halifax, Birmingham Campus",1st,06,JUNE 2019,Stacey Broad
296,Evangelin Gorges,Female,15/12/1992,egorges87@dmoz.org,Newport,1546 Waywood Crossing,NR29,+44 (287) 654-2919,University of Glamorgan,1st,11,JUNE 2019,Fifi Etton
297,Clywd Musgrove,Male,09/11/1998,cmusgrove88@themeforest.net,London,4 Pankratz Hill,SW1E,+44-354-934-3226,University of York,2:2,18,JUNE 2019,Doris Bellasis
298,Lanni Otton,Female,07/12/1990,lotton89@cornell.edu,Wirral,6348 Springs Terrace,CH48,+44 (140) 680-9840,Cardiff University,2:2,25,JUNE 2019,Gismo Tilling
299,Yankee Reihm,Male,24/11/1990,yreihm8a@va.gov,Sheffield,542 Fallview Point,S33,+44-661-990-4484,University of Surrey,1st,05,JUNE 2019,Doris Bellasis
300,Alikee Sawood,Female,27/12/1995,asawood8b@miibeian.gov.cn,London,1909 Iowa Avenue,WC2H,+44 146 324 6486,University of Derby,2:2,12,JUNE 2019,Fifi Etton
301,Roland Skeene,Male,19/01/1996,rskeene8c@cdc.gov,Liverpool,31895 Manufacturers Trail,L74,+44 105 424 9349,University of Ulster,2:1,26,JUNE 2019,Gismo Tilling
302,Chrissy Sate,Male,10/07/1991,csate8d@weibo.com,Ford,74862 Lunder Trail,GL54,+44-903-775-1552,"Courtauld Institute of Art, University of London",2:2,20,JUNE 2019,Doris Bellasis
303,Eric Spritt,Male,31/12/1998,espritt8e@tamu.edu,Twyford,9 Fulton Junction,LE14,+44 663 953 2415,University of Durham,3rd,20,JUNE 2019,Rupert Ripple
304,Farica Harding,Female,16/11/1995,fharding8f@google.it,Langley,54595 Oxford Circle,SG4,+44-819-728-5329,The Queen's University Belfast,2:2,19,JUNE 2019,Doris Bellasis
305,Kore Amburgy,Female,03/09/1997,kamburgy8g@usda.gov,Kirkton,55 Meadow Ridge Road,KW10,,"Institute of Latin American Studies, University of London",2:1,06,JUNE 2019,Rupert Ripple
306,Juli Ruler,Female,28/07/2000,jruler8h@pagesperso-orange.fr,Newton,7020 Dahle Lane,NG34,,"Queen Mary and Westfield College, University of London",1st,12,JUNE 2019,Gismo Tilling
307,Gery Beckenham,Male,24/05/1991,gbeckenham8i@boston.com,Buckland,8577 Sundown Pass,CT16,+44 365 894 5004,University of Northumbria at Newcastle,2:2,06,JUNE 2019,Doris Bellasis
308,Jacquelynn Banasiak,Female,20/11/1996,jbanasiak8j@facebook.com,Sutton,615 Grayhawk Crossing,RH5,+44-783-183-3751,University of Essex,1st,12,JUNE 2019,Stacey Broad
309,Krystalle Deeney,Female,,kdeeney8k@nature.com,Pentre,9 Mitchell Avenue,SY4,+44-292-131-6120,Central Saint Martins College of Art & Design,1st,20,JUNE 2019,Gismo Tilling
310,Gerianne Christoforou,Female,14/04/1999,gchristoforou8l@networksolutions.com,Sheffield,87 Little Fleur Parkway,S33,+44 331 824 1284,University of Worcester,2:2,13,JUNE 2019,Bruno Bellbrook
311,Dru Maling,Male,10/10/1997,dmaling8m@blogspot.com,Burnside,634 Pankratz Lane,EH52,+44 190 851 1308,Heriot-Watt University,2:2,04,JUNE 2019,Bruno Belbrook
312,Louella Cuppitt,Female,06/07/1992,lcuppitt8n@cargocollective.com,London,83 Acker Point,EC1V,+44 481 392 9315,London School of Jewish Studies,3rd,05,JUNE 2019,Rupert Ripple
313,Clarke Whitelock,Male,21/06/2000,cwhitelock8o@youku.com,Normanton,57 Carberry Parkway,LE15,+44 882 749 6492,Buckinghamshire New University,1st,06,JUNE 2019,Fifi Etton
314,Keriann Chippendale,Female,15/04/1992,kchippendale8p@nsw.gov.au,Pentre,03813 Buell Avenue,SY4,+44-605-925-3436,The Queen's University Belfast,2:2,,,
315,Willy MacIlhagga,Male,21/06/1996,wmacilhagga8q@nasa.gov,Horton,83 Hooker Hill,BS37,+44 (455) 414-8328,Aga Khan University,1st,,,
316,Farrel Bertl,Male,17/02/1991,fbertl8r@ed.gov,Normanton,533 Haas Point,LE15,+44 902 740 6079,"Birkbeck College, University of London",2:2,04,JUNE 2019,Fifi Eton
317,Chadd Ellen,Male,04/12/1998,cellen8s@indiegogo.com,Stapleford,7093 Hanson Crossing,LN6,+44 (245) 897-3915,"King's College London, University of London",2:2,05,JUNE 2019,Fifi Etton
318,Sean Dillaway,Male,07/06/1995,sdillaway8t@huffingtonpost.com,Sutton,4 Briar Crest Lane,CT15,+44-290-866-7807,University of Cambridge,2:2,11,JUNE 2019,Bruno Bellbrook
319,Adah Fost,Female,09/01/1990,afost8u@ft.com,Newton,889 Miller Center,IV1,+44-281-108-3512,Cardiff University,2:2,13,JUNE 2019,Bruno Bellbrook
320,Abram Sueter,Male,03/05/1993,asueter8v@scribd.com,Church End,6200 HEATH POINT,N3,+44-648-111-9093,"Institue of Historical Research, University of London",2:1,26,JUNE 2019,Gismo Tilling
321,Darn Kirkby,Male,09/04/1995,dkirkby8w@4shared.com,Sutton,6 School Plaza,CT15,+44 984 611 0177,Middlesex University,3rd,18,JUNE 2019,Sunny Sladefield
322,Jessamyn Reightley,Female,13/11/1996,jreightley8x@sitemeter.com,Seaton,325 Merrick Point,LE15,+44-636-967-7068,Newport International University,2:1,19,JUNE 2019,Sunny Sladefield
323,Rockwell Gutteridge,Male,08/12/2000,rgutteridge8y@ted.com,Milton,845 Ridgeway Place,NG22,+44 211 886 4814,University of Wolverhampton,3rd,27,JUNE 2019,Rupert Ripple
324,Serge Muehle,Male,03/12/1991,smuehle8z@admin.ch,Thorpe,6 Lunder Center,BD23,+44 857 796 6691,De Montfort University Leicester,3rd,19,JUNE 2019,Doris Bellasis
325,Sydney Burchmore,Female,,sburchmore90@over-blog.com,Leeds,3880 Sutherland Court,LS6,+44 734 966 2076,Imperial College School of Medicine,3rd,19,JUNE 2019,Rupert Ripple
326,Gisela Schachter,Female,19/01/1990,gschachter91@tinypic.com,,,,+44 118 990 6686,University of Hertfordshire,2:1,11,JUNE 2019,Bruno Bellbrook
327,Abram Goldster,Male,,agoldster92@topsy.com,Hatton,1 Nelson Junction,CV35,+44 911 561 2907,University of Westminster,2:1,04,JUNE 2019,Doris Bellasis
328,Yvor Shepstone,Male,25/09/2000,yshepstone93@si.edu,Whitwell,4370 Red Cloud Road,DL10,+44 (643) 243-7248,"St.Patrick's International College, London",2:1,18,JUNE 2019,Sunny Sladefield
329,Bab Durnan,Female,17/09/1998,bdurnan94@cyberchimps.com,Sutton,14499 High Crossing Circle,RH5,+44 (445) 293-6701,University of East Anglia,3rd,26,JUNE 2019,Doris Bellasis
330,Cosimo Labram,Male,24/05/1994,clabram95@1und1.de,Stapleford,57 Marcy Avenue,LN6,+44 875 419 2180,"Schiller International University, London",2:1,12,JUNE 2019,Doris Bellasis
331,Cornell Enterlein,Male,14/04/2000,centerlein96@forbes.com,Middleton,5166 David Plaza,LE16,+44-644-964-2820,University of Hertfordshire,2:1,,,
332,Delainey Haverson,Male,12/03/1993,dhaverson97@nyu.edu,Stapleford,6705 Mifflin Road,LN6,+44 577 331 9199,Open University,2:2,,,
333,Maible Antic,Female,12/01/1992,mantic98@purevolume.com,Sheffield,110 Golf Course Street,S33,+44 (718) 382-6577,"University of Wales, Aberystwyth",1st,18,JUNE 2019,Gismo Tilling
334,Westleigh Aleksidze,Male,13/05/1995,waleksidze99@wikipedia.org,Merton,2963 Cordelia Trail,SW19,+44 391 293 6375,London College of Science & Technology,2:1,04,JUNE 2019,Rupert Ripple
335,Carlo Beekman,Male,02/06/1999,cbeekman9a@statcounter.com,London,4 Mitchell Point,WC1B,+44 (449) 570-6687,University of Central Lancashire,1st,18,JUNE 2019,Bruno Bellbrook
336,Cordie Bolduc,Female,24/09/1991,cbolduc9b@house.gov,Sutton,27949 Bayside Terrace,RH5,+44-167-889-5483,City University,3rd,26,JUNE 2019,Bruno Bellbrook
337,Bourke Belsey,Male,10/04/1997,bbelsey9c@unc.edu,Swindon,3301 Orin Lane,SN1,+44-310-648-5753,University of Kent at Canterbury,2:1,19,JUNE 2019,Fifi Eton
338,Phedra Berriball,Female,16/02/1993,pberriball9d@auda.org.au,Langley,0986 Warner Street,SG4,+44-573-733-3253,Chelsea College of Art and Design,2:2,11,JUNE 2019,Doris Bellasis
339,Silvester Ondra,Male,14/10/2000,sondra9e@disqus.com,Ford,927 Prentice Hill,GL54,+44-495-858-6979,Napier University,2:1,12,JUNE 2019,Fifi Etton
340,Clyve Bradden,Male,,cbradden9f@umn.edu,,,,,University of Newcastle-upon-Tyne,2:1,05,JUNE 2019,Fifi Eton
341,Winna Lemmertz,Female,13/04/1997,wlemmertz9g@elpais.com,Birmingham,3 Birchwood Street,B12,+44 827 208 2945,"University of Wales, Swansea",3rd,12,JUNE 2019,Doris Bellasis
342,Fremont Vicary,Male,30/03/1998,fvicary9h@jimdo.com,Aberdeen,8 Mendota Hill,AB39,+44 766 427 4143,International Centre for Isclamic Science,3rd,26,JUNE 2019,Sunny Sladefield
343,Sherwood Cahan,,13/09/1998,scahan9i@bloglines.com,Craigavon,1312 Monica Road,BT66,+44 (673) 268-5477,University of Sussex,2:1,11,JUNE 2019,Stacey Broad
344,Byrom Sawday,Male,01/11/1991,bsawday9j@dagondesign.com,Liverpool,285 Darwin Terrace,L33,+44 818 349 5985,University of Hull,2:2,11,JUNE 2019,Rupert Ripple
345,Kat Sutherland,Female,02/01/2000,ksutherland9k@google.es,Norton,0 Mosinee Hill,S8,+44-710-869-1129,"Warburg Institute, University of London",2:2,18,JUNE 2019,Doris Bellasis
346,Corby Torel,Male,31/01/1993,ctorel9l@facebook.com,Hatton,4502 Straubel Terrace,CV35,+44-536-191-1707,Warnborough University,3rd,20,JUNE 2019,Sunny Sladefield
347,Weidar Hallaways,Male,15/06/1996,whallaways9m@constantcontact.com,Kirkton,13658 Derek Court,KW10,+44 (485) 621-1423,University of Aberdeen,2:1,,,
348,Nerissa Daniels,Female,09/04/1999,ndaniels9n@bloglovin.com,Swindon,3620 Hauk Pass,SN1,+44 736 456 7763,"Courtauld Institute of Art, University of London",2:2,,,
349,Leland Wither,Male,09/01/1990,lwither9o@bing.com,Seaton,099 Kim Parkway,LE15,+44 (925) 719-0255,"Institute of Advanced Legal Studies, University of London",2:2,18,JUNE 2019,Rupert Ripple
350,Godfrey Raiman,Male,04/04/1995,graiman9p@columbia.edu,Seaton,9 Eagan Center,LE15,+44 660 501 3667,"London School of Economics and Political Science, University of London",2:1,,,
351,Maury Hallybone,Male,22/12/2000,mhallybone9q@shareasale.com,Whitwell,16 Birchwood Hill,DL10,+44-141-953-3735,"University of Wales, Newport",3rd,19,JUNE 2019,Rupert Ripple
352,Clio Lafflina,Female,07/03/1991,clafflina9r@nydailynews.com,Thorpe,761 Debs Plaza,BD23,+44 709 613 6262,Falmouth University,2:1,26,JUNE 2019,Rupert Ripple
353,Farlee Petren,Male,30/03/1990,fpetren9s@simplemachines.org,Upton,88004 Chinook Parkway,DN21,,"School of Oriental and African Studies, University of London",2:1,20,JUNE 2019,Stacey Broad
354,Elisabeth Ebbutt,Female,26/06/1990,,London,9816 Morning Alley,SW1E,+44-481-605-8935,"Royal College of Music, University of London",2:2,04,JUNE 2019,Doris Bellasis
355,Benedikt Cohani,Male,29/03/2000,bcohani9u@time.com,Newport,0 Hanson Plaza,NR29,+44 (669) 380-6048,University of Sheffield,2:1,06,JUNE 2019,Doris Bellasis
356,Wolfgang O'Grady,Male,01/12/1995,wogrady9v@ucoz.com,Upton,17765 Bowman Junction,DN21,+44 (770) 366-8212,Sotheby´s Institute of Art - London,3rd,19,JUNE 2019,Fifi Etton
357,Alistair McCartney,Male,24/10/1991,amccartney9w@sourceforge.net,Sutton,5 Mariners Cove Park,RH5,+44 461 295 3204,City University,2:1,13,JUNE 2019,Stacey Broad
358,Dunstan Teresse,Male,18/03/1999,dteresse9x@pinterest.com,Newton,466 Towne Avenue,NG34,+44 (359) 759-4389,,,27,JUNE 2019,Doris Bellasis
359,Joanna Eggerton,Female,13/12/1992,jeggerton9y@usatoday.com,Halton,88 Quincy Point,LS9,+44 (988) 806-7924,University of Northampton,2:1,11,JUNE 2019,Doris Bellasis
360,Judd Fullard,Male,28/11/1992,jfullard9z@chicagotribune.com,Norton,83924 Wayridge Road,S8,+44 (536) 228-0928,University of Huddersfield,2:2,,,
361,Candi Camillo,Female,21/04/1998,ccamilloa0@eepurl.com,Carlton,50 Ridge Oak Point,DL8,+44-380-997-4797,,,19,JUNE 2019,Fifi Eton
362,Murvyn Budnk,Male,24/10/2000,mbudnka1@wix.com,Pentre,07 Autumn Leaf Circle,SY4,+44 868 128 9128,University of Nottingham,2:2,18,JUNE 2019,Rupert Ripple
363,Augustin Tabrett,Male,03/06/1999,atabretta2@bloomberg.com,Newton,61 School Trail,NG34,,"Birkbeck College, University of London",2:2,05,JUNE 2019,Bruno Bellbrook
364,Silvano MacCague,Male,14/05/1991,smaccaguea3@hibu.com,Langley,2696 Mitchell Terrace,SG4,+44-150-946-1215,Canterbury Christ Church University,2:2,19,JUNE 2019,Fifi Etton
365,Mischa Osgar,Male,16/11/1993,mosgara4@printfriendly.com,Bradford,72083 David Point,BD7,+44 521 858 7558,University of Bath,2:1,27,JUNE 2019,Doris Bellasis
366,Balduin Gudgion,Male,23/03/1997,bgudgiona5@freewebs.com,Bristol,05900 Brickson Park Point,BS41,+44 135 560 1520,"Queen Mary and Westfield College, University of London",1st,26,JUNE 2019,Sunny Sladefield
367,Ervin Acosta,Male,14/10/1999,eacostaa6@yelp.com,Ford,5 Goodland Plaza,GL54,+44-503-644-3321,University of Liverpool,2:1,26,JUNE 2019,Doris Bellasis
368,Nanni Caldera,Female,31/05/1999,ncalderaa7@tmall.com,London,760 Kingsford Pass,EC3M,+44 (859) 746-8522,Napier University,2:1,05,JUNE 2019,Gismo Tilling
369,Joachim Guslon,,10/02/1991,jguslona8@mapy.cz,Dean,4 8th Pass,OX7,+44 (837) 923-5272,Warnborough University,2:2,05,JUNE 2019,Bruno Bellbrook
370,Dean Duchant,Male,23/06/1998,dduchanta9@devhub.com,Birmingham,91 Swallow Plaza,B40,+44-891-334-5666,University of Leicester,2:2,27,JUNE 2019,Rupert Ripple
371,Chandler Tregust,Male,27/01/1994,ctregustaa@salon.com,Charlton,78718 Park Meadow Road,OX12,+44-640-529-9849,University of Aberdeen,2:2,04,JUNE 2019,Bruno Bellbrook
372,Hartwell Jewess,Male,17/01/1992,,Sheffield,52 7th Circle,S1,+44 191 637 6094,"University of Wales Institute, Cardiff",2:2,04,JUNE 2019,Doris Bellasis
373,Katinka Glyne,Female,23/03/1991,kglyneac@timesonline.co.uk,Halton,1 Fieldstone Lane,LS9,+44-894-812-8046,British College of Osteopathic Medicine,1st,,,
374,Allx MacDearmaid,Female,31/12/1994,amacdearmaidad@cnn.com,Normanton,2 Washington Pass,LE15,+44 234 685 5958,"School of Slavonic and East European Studies, University of London",3rd,25,JUNE 2019,Stacey Broad
375,Derrek Scarce,Male,03/09/1998,dscarceae@cbc.ca,Walton,65559 Eastwood Place,CV35,+44-450-917-3622,The Manchester Metropolitan University,3rd,27,JUNE 2019,Sunny Sladefield
376,Tatum Agnolo,Female,06/05/1990,tagnoloaf@myspace.com,Birmingham,7 Pierstorff Junction,B12,+44 703 673 3573,Kingston University,3rd,,,
377,Aguie Prati,Male,11/04/1997,apratiag@gizmodo.com,Aberdeen,2994 Badeau Trail,AB39,+44-507-268-9600,University of Oxford,2:2,26,JUNE 2019,Fifi Etton
378,Shayne De Domenico,Male,20/11/1993,,Whitchurch,20011 Bartillon Circle,BS14,+44-668-561-4527,Royal Holloway and Bedford New College,1st,11,JUNE 2019,Gismo Tilling
379,Clarisse Garrard,Female,,cgarrardai@washingtonpost.com,Twyford,264 Michigan Circle,LE14,+44 369 471 0669,Heriot-Watt University,2:1,,,
380,Brandise Moston,Female,02/10/1999,bmostonaj@dedecms.com,Charlton,6 Harper Hill,OX12,+44 660 607 7060,University of Salford,2:2,18,JUNE 2019,Fifi Eton
381,Petronilla Ziemens,Female,05/10/1998,pziemensak@phoca.cz,Tullich,015 Hermina Crossing,AB55,+44 (494) 424-4272,University of Exeter,2:2,11,JUNE 2019,Bruno Bellbrook
382,Jarrod Driffe,Male,14/06/1997,jdriffeal@businesswire.com,West End,1 Fisk Crossing,DN36,+44 831 529 0519,University of London,2:1,25,JUNE 2019,Fifi Etton
383,Claudie Adiscot,Female,26/07/1996,cadiscotam@nifty.com,Hatton,7 Fuller Alley,CV35,,University of Salford,2:1,,,
384,Tiler McDoual,Male,25/01/1998,tmcdoualan@hibu.com,East End,920 Crownhardt Court,BH21,+44 408 507 8238,Stratford College London,1st,,,
385,Celestina Aysik,Female,05/11/1996,caysikao@homestead.com,Stapleford,29944 Mandrake Avenue,LN6,+44 (160) 864-4473,De Montfort University Leicester,3rd,04,JUNE 2019,Doris Bellasis
386,Aldridge Redwall,Male,,aredwallap@mysql.com,Church End,36 Barnett Pass,CB4,+44 (928) 233-4087,,,,,
387,Nikolaus Gullefant,Male,03/11/1990,ngullefantaq@zdnet.com,Newtown,7377 Maywood Circle,RG20,+44 974 952 3587,"London School of Economics and Political Science, University of London",2:1,11,JUNE 2019,Doris Bellasis
388,Palmer Snaddin,Male,24/03/1992,psnaddinar@hc360.com,Liverpool,45 Schiller Crossing,L74,+44-177-154-1621,Chelsea College of Art and Design,3rd,13,JUNE 2019,Bruno Bellbrook
389,Geneva Ingleston,Female,26/01/1993,ginglestonas@weather.com,Swindon,56 South Road,SN1,+44-134-950-5786,University of Bristol,2:2,,,
390,Daniele Iskowicz,Female,01/12/1994,diskowiczat@nationalgeographic.com,,,,+44 787 507 8887,Buckinghamshire New University,2:1,18,JUNE 2019,Fifi Etton
391,Brandy Iannazzi,Male,18/09/1993,biannazziau@ehow.com,,,,+44 (242) 954-2681,"Institute of Commonwealth Studies, University of London",2:2,04,JUNE 2019,Stacey Broad
392,Romy Miles,Female,08/09/1991,rmilesav@etsy.com,Hatton,9145 Leroy Hill,CV35,+44-158-571-1064,"Institue of Historical Research, University of London",2:2,06,JUNE 2019,Bruno Bellbrook
393,Jerome Kasting,Male,27/03/1994,jkastingaw@symantec.com,Tullich,07167 Nelson Circle,AB55,+44 878 216 5785,Aston University,2:2,19,JUNE 2019,Bruno Bellbrook
394,Auberon Werny,Male,21/06/1999,awernyax@yahoo.co.jp,Leeds,42756 Lukken Plaza,LS6,+44-100-897-3308,Buckinghamshire New University,2:2,11,JUNE 2019,Fifi Eton
395,Ceil Suerz,Female,06/01/2000,csuerzay@geocities.com,Newport,6 Memorial Alley,NR29,+44 324 429 8362,University of Surrey,2:2,26,JUNE 2019,Bruno Bellbrook
396,Eimile Sanper,Female,22/01/1994,esanperaz@irs.gov,Sheffield,6 Dorton Crossing,S1,+44-609-835-3458,University of Wolverhampton,2:1,27,JUNE 2019,Stacey Broad
397,Wallas Hacket,Male,29/02/1996,whacketb0@posterous.com,Pentre,3040 Old Gate Plaza,SY4,+44 (874) 264-5292,European School of Economics,2:2,06,JUNE 2019,Doris Bellasis
398,Devlen Froome,Male,08/06/1995,,Aston,53 2nd Court,TF6,+44-773-442-2303,"University of Wales Institute, Cardiff",2:1,19,JUNE 2019,Fifi Etton
399,Amalia Orris,Female,26/07/1990,aorrisb2@360.cn,Whitwell,656 Longview Street,DL10,,University of Stirling,1st,06,JUNE 2019,Stacey Broad
400,Kendra Twort,Female,12/12/1998,ktwortb3@hud.gov,Newport,3 Everett Center,NR29,+44 223 816 5813,,,26,JUNE 2019,Rupert Ripple
401,Wilden Claisse,Male,29/04/1990,wclaisseb4@unesco.org,Milton,3790 Elka Parkway,NG22,+44-212-612-8667,Brunel University Uxbridge,2:2,18,JUNE 2019,Stacey Broad
402,Bebe Shepherdson,Female,16/08/2000,bshepherdsonb5@cmu.edu,Milton,74 Vahlen Pass,AB56,+44 (627) 663-9413,University of Sunderland,3rd,,,
403,Dulsea Westfalen,Female,03/06/1997,dwestfalenb6@devhub.com,London,865 Shelley Road,W1F,+44-788-116-4214,Stratford College London,2:2,27,JUNE 2019,Sunny Sladefield
404,Boycey McSpirron,Male,20/10/2000,bmcspirronb7@rediff.com,Church End,9282 Cordelia Street,CB4,+44 (613) 308-0111,Middlesex University,2:1,18,JUNE 2019,Sunny Sladefield
405,Kendell Ruppele,Male,20/08/1994,kruppeleb8@hp.com,Newton,6 Goodland Trail,NG34,,"St.Patrick's International College, London",3rd,06,JUNE 2019,Rupert Ripple
406,Judd Abrahm,Male,06/01/1990,jabrahmb9@msn.com,Weston,37 Old Shore Hill,GU32,+44 (869) 648-6808,University of Buckingham,2:2,25,JUNE 2019,Bruno Bellbrook
407,Belvia O'Neill,Female,10/07/1993,boneillba@npr.org,Carlton,0 Erie Plaza,DL8,+44-581-906-9329,London Metropolitan University,2:1,04,JUNE 2019,Fifi Eton
408,Letizia Persence,Female,25/08/1999,lpersencebb@about.com,Aston,20319 Coleman Point,TF6,+44 (173) 674-3803,University of Hull,3rd,20,JUNE 2019,Bruno Bellbrook
409,Forster Clines,Male,13/05/1993,,Glasgow,4757 Stone Corner Drive,G4,+44-499-353-1051,University of Glasgow,1st,11,JUNE 2019,Sunny Sladefield
410,Carly Assandri,Female,21/01/1999,,Weston,1 Kropf Court,GU32,,Buckinghamshire New University,2:2,27,JUNE 2019,Stacey Broad
411,Tremain Barosch,,17/01/1990,tbaroschbe@independent.co.uk,Newton,7 Johnson Point,NG34,+44 (465) 463-1290,Aga Khan University,2:1,27,JUNE 2019,Doris Bellasis
412,Kettie Lufkin,Female,27/12/1998,klufkinbf@howstuffworks.com,Birmingham,42569 Grim Crossing,B40,+44 (477) 101-1446,University of Teesside,2:1,13,JUNE 2019,Stacey Broad
413,Martita Creavin,Female,24/10/1994,mcreavinbg@washingtonpost.com,Marston,64 Jenifer Trail,ST20,+44 467 740 8683,"Institute of Advanced Legal Studies, University of London",2:2,,,
414,Cecil Kennewell,Female,16/04/1998,ckennewellbh@amazon.com,Halton,18912 Cherokee Crossing,LS9,+44 358 551 1503,Southampton Solent University,2:1,12,JUNE 2019,Doris Bellasis
415,Kyla Jankovsky,Female,22/11/1993,kjankovskybi@mapy.cz,Newbiggin,70 Karstens Center,NE46,+44 (306) 179-4086,University Campus Suffolk,2:1,20,JUNE 2019,Bruno Bellbrook
416,Dixie Macrae,Female,29/10/1994,dmacraebj@jugem.jp,Sutton,675 Twin Pines Place,CT15,+44 (961) 115-6781,London School of Jewish Studies,2:2,05,JUNE 2019,Bruno Bellbrook
417,Lewiss Sabban,Male,09/09/1992,lsabbanbk@arstechnica.com,Bradford,1 Mayer Point,BD7,+44-617-119-0013,Sheffield Hallam University,2:1,05,JUNE 2019,Doris Bellasis
418,KAT RIGARD,Female,26/07/1999,krigardbl@ifeng.com,Swindon,708 Algoma Park,SN1,+44-853-997-7266,William Gilbert College,2:1,25,JUNE 2019,Stacey Broad
419,Belia Losseljong,Female,03/06/1995,blosseljongbm@cbc.ca,Newton,04703 Miller Place,NG34,,University of Salford,2:2,27,JUNE 2019,Gismo Tilling
420,Peggy Hariot,Female,12/07/1991,phariotbn@smugmug.com,Hatton,1932 Leroy Alley,CV35,,Trinity College of Music,3rd,06,JUNE 2019,Rupert Ripple
421,Nealon Cisland,Male,27/01/2000,ncislandbo@google.ca,Liverpool,5 Cardinal Hill,L33,+44-497-876-7476,"Saint George's Hospital Medical School, University of London",1st,18,JUNE 2019,Gismo Tilling
422,Selby Floyd,Male,08/11/1991,sfloydbp@clickbank.net,Kingston,3 Sloan Terrace,DT10,+44 556 906 0729,University of Plymouth,2:2,04,JUNE 2019,Stacey Broad
423,Prentice Van der Hoeven,Male,03/07/1996,pvanbq@typepad.com,Marston,829 Rieder Court,ST20,+44 870 224 7015,Thames Valley University,2:2,11,JUNE 2019,Stacey Broad
424,Amos Debill,Male,30/08/1997,,Sutton,3128 Crowley Trail,CT15,,"Institute of Germanic Studies, University of London",2:2,25,JUNE 2019,Gismo Tilling
425,Dexter Clucas,Male,22/12/1991,dclucasbs@lycos.com,Liverpool,2 Amoth Center,L33,+44-289-553-0364,University of Wales College of Medicine,3rd,26,JUNE 2019,Rupert Ripple
426,Samson Mosen,Male,11/02/1997,smosenbt@stumbleupon.com,Milton,558 Meadow Valley Terrace,AB56,+44 135 277 5581,,,26,JUNE 2019,Stacey Broad
427,Myrtle Satterly,Female,28/04/1990,msatterlybu@last.fm,Denton,8929 Debs Hill,M34,+44 (209) 543-2607,University of Southampton,2:2,26,JUNE 2019,Doris Bellasis
428,Quint Pontain,Male,29/06/2000,qpontainbv@twitpic.com,West End,8 1st Drive,DN36,+44 (741) 913-2041,University of Dundee,2:1,06,JUNE 2019,Stacey Broad
429,Tana Cullinane,Female,12/11/1997,,Brampton,92 Pepper Wood Point,NR34,+44 613 628 8581,Wimbledon School of Art,2:1,12,JUNE 2019,Stacey Broad
430,Costanza Pyke,Female,11/01/2000,cpykebx@stanford.edu,London,9 Alpine Hill,WC2H,+44 (786) 731-8509,"University College London, University of London",1st,25,JUNE 2019,Rupert Ripple
431,Kenton Kilgrove,Male,19/09/2000,kkilgroveby@princeton.edu,Bradford,57025 New Castle Circle,BD7,+44-818-600-9816,"University of Wales, Swansea",2:1,04,JUNE 2019,Sunny Sladefield
432,Darda Di Giacomo,Female,23/09/1997,ddibz@php.net,Normanton,6 Glacier Hill Hill,LE15,+44-616-522-7711,"London School of Economics and Political Science, University of London",2:2,06,JUNE 2019,Fifi Eton
433,Othilia Hucker,Female,05/10/1999,ohuckerc0@umn.edu,Whitwell,38 Utah Drive,DL10,+44 (236) 567-0244,Nottingham Trent University,3rd,25,JUNE 2019,Bruno Bellbrook
434,Lavinie Marshman,Female,,lmarshmanc1@cdbaby.com,Glasgow,85 Barnett Pass,G4,+44 636 964 2144,Imperial College School of Medicine,2:1,18,JUNE 2019,Stacey Broad
435,Silvain Kuhwald,Male,04/07/1991,skuhwaldc2@cnn.com,Eaton,2 Bowman Avenue,DN22,+44-614-999-3879,"Birkbeck College, University of London",2:1,25,JUNE 2019,Doris Bellasis
436,Audra Boodell,Female,29/08/1993,aboodellc3@disqus.com,Aston,147 Becker Road,TF6,+44 (512) 730-0445,"Saint George's Hospital Medical School, University of London",1st,20,JUNE 2019,Gismo Tilling
437,Wilt Gotliffe,Male,09/04/1995,wgotliffec4@wisc.edu,,,,+44 (488) 101-7285,Liverpool Hope University College,2:1,06,JUNE 2019,Rupert Ripple
438,Rosene Yearnsley,Female,15/11/1993,ryearnsleyc5@rakuten.co.jp,West End,218 Maryland Terrace,DN36,+44 (130) 487-6869,University of Leicester,2:1,27,JUNE 2019,Doris Bellasis
439,Larry Claridge,Male,02/05/1993,lclaridgec6@163.com,Brampton,95698 Tennessee Pass,NR34,+44 127 472 3862,,,18,JUNE 2019,Rupert Ripple
440,Hattie Dullard,Female,11/05/1991,hdullardc7@phpbb.com,Kinloch,9 Rockefeller Pass,PH43,+44 843 594 1691,The Robert Gordon University,2:1,05,JUNE 2019,Rupert Ripple
441,Dacy Pococke,Female,15/05/1998,dpocockec8@alibaba.com,London,02 Buena Vista Circle,W1F,+44-986-924-1427,"Saint George's Hospital Medical School, University of London",3rd,13,JUNE 2019,Gismo Tilling
442,Kingsly Lowdwell,Male,18/12/1991,klowdwellc9@nba.com,Manchester,32 Crownhardt Point,M14,+44-277-779-9698,University of Sunderland,2:1,20,JUNE 2019,Fifi Eton
443,Cleon Kemson,Male,19/12/1999,ckemsonca@whitehouse.gov,London,71444 Pearson Park,WC2H,+44 (925) 879-3632,University of Leeds,1st,20,JUNE 2019,Rupert Ripple
444,Seymour Rodda,Male,25/09/1996,sroddacb@mozilla.org,Twyford,82 Waywood Parkway,LE14,+44 758 269 2225,Roehampton University of Surrey,2:2,06,JUNE 2019,Rupert Ripple
445,Lionel Soper,Male,25/12/1990,lsopercc@cnn.com,Weston,439 Ronald Regan Hill,GU32,+44 (280) 833-5120,University of Plymouth,2:2,,,
446,Pavlov Peyto,Male,17/06/1998,ppeytocd@github.com,Marston,60065 Sutteridge Junction,ST20,+44 628 316 8062,Oxford Brookes University,2:1,20,JUNE 2019,Doris Bellasis
447,Linc Hallex,Male,03/11/1993,lhallexce@netvibes.com,Wirral,386 Harper Alley,CH48,+44 664 380 6743,The Manchester Metropolitan University,1st,20,JUNE 2019,Rupert Ripple
448,Whitby Mc Ilwrick,Male,02/05/1996,wmccf@paypal.com,Newton,63454 High Crossing Place,IV1,+44 313 999 9593,University of St. Andrews,1st,06,JUNE 2019,Doris Bellasis
